<?xml version="1.0" encoding="UTF-8"?>
<phynx>
	<checksum file="interface/js.php">c62cc18a414a057c7f0ffe085aab4e9e1c2096a9</checksum>
	<checksum file="interface/rme.php">178b6c1784d32d6b46843587f7f5d2565ee5d28c</checksum>
	<checksum file="interface/loadFrame.php">8cacf9cde94191bb555c971690415723a6a0c131</checksum>
	<checksum file="interface/showPDF.php">16035a2b3140d75dc101ef2577b8d893b2d3a327</checksum>
	<checksum file="interface/set.php">9b81927bdc5a03ff03d51ad6d5cf9d8cf816d976</checksum>
	<checksum file="interface/AppProvider.php">216f9d5f1b833fa8ca58d4606df38b9dcccd893f</checksum>
	<checksum file="fheME/MailCheck/plugin.xml">b111442dd3f0eb95ab2e0f0f3dcfd82757a71325</checksum>
	<checksum file="fheME/MailCheck/check.png">d1813650da6a2decffe1ef47e77fcac2c41dfb68</checksum>
	<checksum file="fheME/MailCheck/email.css">679f5dc06eb918a3e9a8965a96683770263ad291</checksum>
	<checksum file="fheME/MailCheck/mMailCheckGUI.class.php">2b041e42b2486b739805ad664b88f7615a5e05d5</checksum>
	<checksum file="fheME/MailCheck/Home/index.html">cc71240f83098de2568f1ce12253bf978d1aefae</checksum>
	<checksum file="fheME/MailCheck/Home/lightCRMMail.png">0a7aa68fccb9c94b675352a955044894c4ff4636</checksum>
	<checksum file="fheME/MailCheck/MailCheck.class.php">10995dd177227f858a7a792ed0be50e6c15f5658</checksum>
	<checksum file="fheME/MailCheck/MailCheckGUI.class.php">279ab03f87d233dc8fc567be3297e12d05ed63b7</checksum>
	<checksum file="fheME/MailCheck/MailCheck.png">43a990a53ca3c7cd1623496a5fdfe05cd341a986</checksum>
	<checksum file="fheME/MailCheck/CI.pfdb.php">4f8b7c220b03e6ec5a8f9019b5b05edf096092df</checksum>
	<checksum file="fheME/mprettifyDBLinkPlugin.xml">3492f853bd878d9a8667cc5593259a77805009c6</checksum>
	<checksum file="fheME/mRSSParserLinkPlugin.xml">a98b643e1f506eec368036fd616e35a9be295760</checksum>
	<checksum file="fheME/FAdressen/plugin.xml">5dbd75e1a24fd04acfc8839e697a1114e2a4fea2</checksum>
	<checksum file="fheME/FAdressen/FAdresseGUI.class.php">60448cb5d65f002c6cea5643fb51c3551ade4e4e</checksum>
	<checksum file="fheME/FAdressen/mFAdresseGUI.class.php">a2421393ddfb2e1191977bf412ba35d30266c555</checksum>
	<checksum file="fheME/FAdressen/birthday.png">44ad632211a5ec25ffe00022e6b992fdf41ecd0c</checksum>
	<checksum file="fheME/FhemLocation/plugin.xml">a3501f8fcd171356ecc20b6dc4376fdca4727e2a</checksum>
	<checksum file="fheME/FhemLocation/FhemLocation.class.php">8a6306fbf956849b34441a542f9b531fcbefc288</checksum>
	<checksum file="fheME/FhemLocation/FhemLocation.png">2b86e9349b44d90185cc224e2cb8ed27b91f7255</checksum>
	<checksum file="fheME/FhemLocation/mFhemLocationGUI.class.php">e41dabea55b9460d2545da1e97f3612532b1b968</checksum>
	<checksum file="fheME/FhemLocation/FhemLocationGUI.class.php">2741d2cb7b5ef5f068082b9ebe27d53170723df0</checksum>
	<checksum file="fheME/FhemLocation/CI.pfdb.php">2d5c193039982a3a21090cdc62716d1ebf1e819e</checksum>
	<checksum file="fheME/Einkaufszettel/plugin.xml">51022263243fae5b3dbf9d66379e3e1bff50009f</checksum>
	<checksum file="fheME/Einkaufszettel/mobile.png">57682656ec107a2c25a30555a8057481ed94eb3a</checksum>
	<checksum file="fheME/Einkaufszettel/Einkaufszettel.png">3e5c94af637d16d38d3806d97eb2c75a1a496328</checksum>
	<checksum file="fheME/Einkaufszettel/Einkaufszettel.js">c1ba2c957b71a9afa80c48fb5804f809809830d8</checksum>
	<checksum file="fheME/Einkaufszettel/Einkaufszettel.class.php">8fcfc6430d30b3a1e959c6c4f79ac1feed6bef28</checksum>
	<checksum file="fheME/Einkaufszettel/mEinkaufszettelGUI.class.php">b02b6a2c549a0d415feb7349b8d3335451e6a73f</checksum>
	<checksum file="fheME/Einkaufszettel/addToList.php">f769e8496853cebb7f066457aee37c6961b1c4ee</checksum>
	<checksum file="fheME/Einkaufszettel/EinkaufszettelGUI.class.php">2790d4c81320be5da24c01deefe5a3934ea94dbd</checksum>
	<checksum file="fheME/Einkaufszettel/RPI/readKeyd.sh">61ab3c12422063c80b96d2fad5d6289f07f7351b</checksum>
	<checksum file="fheME/Einkaufszettel/RPI/readKeyd.c">ceb5c881e1cadeaf1d3c5d396d84b695be5925e3</checksum>
	<checksum file="fheME/Einkaufszettel/RPI/readKeyd.conf">74821ee05f0ab8747e5aa279a8962a5400368fe5</checksum>
	<checksum file="fheME/Einkaufszettel/CI.pfdb.php">030369499473f62cfdccefac83bedf7a8fb84d0f</checksum>
	<checksum file="fheME/Clock/plugin.xml">3e460c625479d6d546f4592eaac8fe27f3241537</checksum>
	<checksum file="fheME/Clock/FhemLocation.png">2b86e9349b44d90185cc224e2cb8ed27b91f7255</checksum>
	<checksum file="fheME/Clock/Clock.class.php">7579cbbf63f10e61cdf563a9fb7340dbb9332217</checksum>
	<checksum file="fheME/Clock/mClockGUI.class.php">756f2d77418eb238dc7fa7ddb43d7bfb38b6dfd0</checksum>
	<checksum file="fheME/Clock/ClockGUI.class.php">7bf3aba1c4a264b11635b1d7503fcc7e7f8189fd</checksum>
	<checksum file="fheME/UPnP/plugin.xml">776eba00f549e9d654465149fbc9d37202338759</checksum>
	<checksum file="fheME/UPnP/remote.png">c5cf32a7b7e9f8d9e7060bddb4ed59958016cbc7</checksum>
	<checksum file="fheME/UPnP/radio.png">dc1cd891deb99207921648dc19bec371c80f68be</checksum>
	<checksum file="fheME/UPnP/UPnPCommand.class.php">212ed2c5ec78f073aa6a0c483049c1f4c6a928d4</checksum>
	<checksum file="fheME/UPnP/locale/en_GB/LC_MESSAGES/messagesUPnP.po">58ac08a31b47208df40edd3b73a2e1608ed80adb</checksum>
	<checksum file="fheME/UPnP/locale/en_GB/LC_MESSAGES/messagesUPnP.mo">31f0e38a61e9b46dd4f83497631489b331594157</checksum>
	<checksum file="fheME/UPnP/UPnPRadioStation.class.php">f65f827e0bf77d24f7dac90d60a336f0870e1c8d</checksum>
	<checksum file="fheME/UPnP/UPnP.png">603eb72d623646e848eee0abbe85d64545c251cd</checksum>
	<checksum file="fheME/UPnP/UPnP.class.php">8bc946dd211cf87e9de7977b96699f00b02ac616</checksum>
	<checksum file="fheME/UPnP/controls.png">f4b819c199aa61d151c612a71e1a60191cfa1736</checksum>
	<checksum file="fheME/UPnP/UPnPRadioStationGUI.class.php">835d6724c3b20888a903ec8e806b2278a7f19f31</checksum>
	<checksum file="fheME/UPnP/phpUPnP.class.php">346202a0d0e779ac8677a178ddd91da9029e9f6e</checksum>
	<checksum file="fheME/UPnP/UPnPServer.php">50a1661fd56b7cb847d716453cae37f2d23e2af4</checksum>
	<checksum file="fheME/UPnP/UPnP.js">8f512207eab90717c3095fdb390481bee0dc6dd9</checksum>
	<checksum file="fheME/UPnP/mUPnPRadioStationGUI.class.php">a9c960eda045bd987e62221d5af68e8a714158ed</checksum>
	<checksum file="fheME/UPnP/directory.png">207a14befab248084161a46bc9829ea9697c512e</checksum>
	<checksum file="fheME/UPnP/UPnPGUI.class.php">78cc19432e83a1e0a438a071f963e8299052e531</checksum>
	<checksum file="fheME/UPnP/mUPnPGUI.class.php">51f512f016ca4645fdcb6bf1df564b3999605122</checksum>
	<checksum file="fheME/UPnP/CI.pfdb.php">4c860839228e8ca9602a163103ec2f9e22faad71</checksum>
	<checksum file="fheME/mxCalLinkPlugin.xml">e11a33146aaf2f02397e13936bfe12e74852de7e</checksum>
	<checksum file="fheME/Fhem/plugin.xml">ac093a034937b9782108d7ac453c86a34563add8</checksum>
	<checksum file="fheME/Fhem/on.png">8bb100ed193b4d51cf8fc83b1af9cb26a911baec</checksum>
	<checksum file="fheME/Fhem/mFhemTimerGUI.class.php">92feafefa8a750a64f39ee9f3cd097a2bd23b62f</checksum>
	<checksum file="fheME/Fhem/Fhem.js">f3546858c1a4d52facde70c2b7aac6c8ebe37b76</checksum>
	<checksum file="fheME/Fhem/mFhemGUI.class.php">37396edfd973d4ce312e01bfd783eefa2f6a009d</checksum>
	<checksum file="fheME/Fhem/FhemControlGUI.class.php">74b205ace877f659025d9d5fe07a86330f7ed3db</checksum>
	<checksum file="fheME/Fhem/fhemServers.png">500e7cfa187dfe36b983269038278d4e4c0c4027</checksum>
	<checksum file="fheME/Fhem/fheMEDesktopGUI.class.php">ed7f01cbdc24ac53da649c56d6609f7e0159f82f</checksum>
	<checksum file="fheME/Fhem/Fhem.class.php">016392e993560baf1e2b7b73ce333998f040c6aa</checksum>
	<checksum file="fheME/Fhem/mFhemEventGUI.class.php">b476a97ee4688214ad7a61dafb5052233c43e1ac</checksum>
	<checksum file="fheME/Fhem/FhemServerGUI.class.php">db91e977aa186310c6d3fb8811da124f49e403b7</checksum>
	<checksum file="fheME/Fhem/windowOpen.png">8417d150167fb084f32df9bb195d236b96718088</checksum>
	<checksum file="fheME/Fhem/mFhemServerGUI.class.php">d4df7805d464740f481a0953724472eac7330026</checksum>
	<checksum file="fheME/Fhem/referenceSOAPClient.php">0089176dfa1f050753f0278309bdcb6d9965a714</checksum>
	<checksum file="fheME/Fhem/mFhemPresetGUI.class.php">efca7a7806f02cff4b7050d8717b92fd5a4c78bd</checksum>
	<checksum file="fheME/Fhem/ExtConnFhem.class.php">7eef1b03c866459add7561f28d327f0dd34f927e</checksum>
	<checksum file="fheME/Fhem/FhemServer.class.php">212e36974c238c1bae45b2298328ef298c438f2b</checksum>
	<checksum file="fheME/Fhem/events.png">2af751c9771e787bc81be23abb484c23f000774e</checksum>
	<checksum file="fheME/Fhem/off.png">412beb756af2d44482e11406a39c59b1eab8fb6a</checksum>
	<checksum file="fheME/Fhem/showData.png">4b89b5abb1764d0b25a2a480c2e29e0dfaa70286</checksum>
	<checksum file="fheME/Fhem/modeHoliday.png">8c7985ed16a572091db017b30ef127fd05e1a21e</checksum>
	<checksum file="fheME/Fhem/FhemEvent.class.php">cc26e6a492a59a15ac93f71c04f81a1d8a8b3c1d</checksum>
	<checksum file="fheME/Fhem/fhem.png">412beb756af2d44482e11406a39c59b1eab8fb6a</checksum>
	<checksum file="fheME/Fhem/FhemPresetGUI.class.php">c5503eaad08d8f1f41ce3ebb09b48a59a521d9fa</checksum>
	<checksum file="fheME/Fhem/fhemFHT.png">7cc9afefca5bdac593cb8d8884129eda3dc689dd</checksum>
	<checksum file="fheME/Fhem/tooCold.png">6b1e79a067762eccee14aebf86deb0525b4fa1ab</checksum>
	<checksum file="fheME/Fhem/Fhem_en_US.class.php">8a6bf7a1e03a47781b1c7b521a400dd2e6d6750b</checksum>
	<checksum file="fheME/Fhem/FhemServer_en_US.class.php">6180228a022659820916dbc90846790a52fa822e</checksum>
	<checksum file="fheME/Fhem/batteryLow.png">0e03129b9658f6790cb52a9e9e3bf7b50c3289de</checksum>
	<checksum file="fheME/Fhem/FhemPreset.class.php">6a8dc2cc06f5ce9e990957e9c47bf8b63c65e738</checksum>
	<checksum file="fheME/Fhem/FhemGUI.class.php">80ce827ec16fadb810781c445eb61edd192566c2</checksum>
	<checksum file="fheME/Fhem/FhemEventGUI.class.php">2f7394cf113bb6ec9a4c2cf08bb7f74671b5ac39</checksum>
	<checksum file="fheME/Fhem/FhemHM.class.php">655711e544285c31757dc6387e83c7e4fcfedab8</checksum>
	<checksum file="fheME/Fhem/fheMELogo.png">cd7613c1203786e57d44cbc2054dffdd2e8101d7</checksum>
	<checksum file="fheME/Fhem/referenceSOAPServer.php">2c4248aa246784e4bb3813cc67eb544ae1708413</checksum>
	<checksum file="fheME/Fhem/CI.pfdb.php">d8d7ab27fc929286713262c8f9f42b5239c0a192</checksum>
	<checksum file="fheME/Overview/plugin.xml">793b40d67019662c00b5f60f54743d1e4e5dd78b</checksum>
	<checksum file="fheME/Overview/fheOverview.class.php">f9b3583b4d07991eab345f58d3fdd4763d7005df</checksum>
	<checksum file="fheME/Overview/overviewPlugin.class.php">2d252908c009d370908b36d78493f2291fdd092b</checksum>
	<checksum file="fheME/Overview/mfheOverviewGUI.class.php">cbd9c3396a160d3d39489cc893d3872aa8e97734</checksum>
	<checksum file="fheME/Overview/fheOverview.js">e78d4a982b389f00b7077b33f2e6d6faf6818c7c</checksum>
	<checksum file="fheME/Overview/fheOverview.png">47092d2e4a289c0967551459293c72a5d8f68a2e</checksum>
	<checksum file="fheME/Overview/fheOverviewGUI.class.php">720852b1cf4c87914cc75cff9efdb28e8897496c</checksum>
	<checksum file="fheME/Overview/CI.pfdb.php">44c951aac5036bd60ea3f6185bc8c857c3afe631</checksum>
	<checksum file="fheME/mWetterLinkPlugin.xml">c7a8b8104bda041013d01aad0f5cd8f548b6ae48</checksum>
	<checksum file="fheME/mTodoLinkPlugin.xml">2ca874e6324338ce77c73b24d7bf57c4fe701430</checksum>
	<checksum file="fheME/LMS/plugin.xml">c317d37360884eec3db292fcce04172f7b20177b</checksum>
	<checksum file="fheME/LMS/downloadPlayers.png">f74930e78fa5526bff6b2aa9b2a76ebdd9c9e5a4</checksum>
	<checksum file="fheME/LMS/mLogitechMediaServerGUI.class.php">3d3f1cf97dfdc14990b2de04c5cdbedbced1feb4</checksum>
	<checksum file="fheME/LMS/LogitechMediaServer.class.php">9516e414d11318121d426ad3a0067be3c9dadf90</checksum>
	<checksum file="fheME/LMS/controlPlay.png">05e321f1ce1ba027b49006e1e73464f6b5d272f2</checksum>
	<checksum file="fheME/LMS/controlPlayer.png">0e9ed5941154c1344d618ea93c1e9646973840ec</checksum>
	<checksum file="fheME/LMS/controlStop.png">5b1b5f968cf7198b349294365c3217770d869cc5</checksum>
	<checksum file="fheME/LMS/LogitechMediaServerGUI.class.php">18116900f8c4b1dbdbf3c896a173374ccdab12ac</checksum>
	<checksum file="fheME/LMS/LogitechMediaServer.png">ba8d3168203a4527c09b0d17cd0db9190f82ced1</checksum>
	<checksum file="fheME/LMS/CI.pfdb.php">b9c7b1928d5bc71d83fcd67b359484d07d5319d0</checksum>
	<checksum file="fheME/Gericht/plugin.xml">dfd9b4416bfcb344e2dc4f8fa03828e59a19f39e</checksum>
	<checksum file="fheME/Gericht/mGerichtGUI.class.php">6e5f1b30b90b068a1b35dfc9af714369f3cff13f</checksum>
	<checksum file="fheME/Gericht/Gericht.class.php">1f5208550573ce141507476021f83e7d18cfdaee</checksum>
	<checksum file="fheME/Gericht/GerichtGUI.class.php">a35da7cb84c147211111c60c4c064ee345a37b59</checksum>
	<checksum file="fheME/Gericht/Gericht.png">b72dba40a1165fc80df6e15ff60b8a55b9557a95</checksum>
	<checksum file="fheME/Gericht/Rezept.png">ae76781fa1a0c891996829f0db71efe6865cc7de</checksum>
	<checksum file="fheME/Gericht/update.png">326f1b5f004d16a681c72966450edc9a2b35975c</checksum>
	<checksum file="fheME/Gericht/CI.pfdb.php">95192fbe36d3cc3dab7e2466b06af04fc51e8705</checksum>
	<checksum file="fheME/mopenEANLinkPlugin.xml">0851245d8401949948a09a930a08c44bd7b200f0</checksum>
	<checksum file="fheME/SieHabenPost/plugin.xml">2fb351575fabba27ae9b28c6aad220432fc01c4a</checksum>
	<checksum file="fheME/SieHabenPost/SieHabenPostGUI.class.php">4b5e8504b62019c1328086ba656d3923332983f1</checksum>
	<checksum file="fheME/SieHabenPost/SieHabenPost.class.php">e3ee2230ab1c66c4d1734f7d695435dc5ef8eb9e</checksum>
	<checksum file="fheME/SieHabenPost/Screenshot1.png">7db7f18c84a3a489516e119a4425db2011657f2b</checksum>
	<checksum file="fheME/SieHabenPost/20130810_141314.jpg">5296286f52830af9afd21fdb3a8ad34d5b2d88e1</checksum>
	<checksum file="fheME/SieHabenPost/SieHabenPost.png">baeb888de8386c6808fbfd0623c6a09d2629e318</checksum>
	<checksum file="fheME/SieHabenPost/mSieHabenPostGUI.class.php">ba7b740cb5b1ec7752f87f306f4f432d99590d11</checksum>
	<checksum file="fheME/SieHabenPost/CI.pfdb.php">abb5422ebc33070b31fd45016a60aceca41752d8</checksum>
	<checksum file="fheME/AdressenLinkPlugin.xml">d67b95b84f8c01465a2559c8797c6d22f57ef560</checksum>
	<checksum file="fheME/Wecker/plugin.xml">e55e737a4d645155c6eb38bb8624bbe93675e2c5</checksum>
	<checksum file="fheME/Wecker/Wecker.class.php">fa2aadf0d7fe970c1a6be50926655d8601adc322</checksum>
	<checksum file="fheME/Wecker/locale/en_GB/LC_MESSAGES/messagesWecker.mo">bf919895599da656d1f6f401864d089dd4fb0735</checksum>
	<checksum file="fheME/Wecker/locale/en_GB/LC_MESSAGES/messagesWecker.po">267a21f5e01e4fcd347d2a744230b14b53c0a93a</checksum>
	<checksum file="fheME/Wecker/Wecker.js">102990afadef7f6ca8473fe9a5a6a4dfd2a0399e</checksum>
	<checksum file="fheME/Wecker/mWeckerGUI.class.php">c1db7b04b8db8d8a4f6e8c0357db2d0a05ee2326</checksum>
	<checksum file="fheME/Wecker/Wecker.png">97ade7b197bee91507d28368418d7c3dd782efe9</checksum>
	<checksum file="fheME/Wecker/updown.svg">2c4ed5896783b91514cd081da1319463f20be7f0</checksum>
	<checksum file="fheME/Wecker/CI.pfdb.php">2a68ddc14304ee8e045d7d921146ba2d875635e0</checksum>
	<checksum file="fheME/Wecker/WeckerGUI.class.php">6a8c6cfe4363ad914263eeca6373e4a6d1b639ea</checksum>
	<checksum file="fheME/mKalenderLinkPlugin.xml">ec6d64310a0255e9758ccb5bf509ac513ca34f31</checksum>
	<checksum file="system/info.php">3f4729add5d544796f55fab8522c1b90f825d6ca</checksum>
	<checksum file="system/build.xml">d7d9dd1421734ce327d341c4d5e6ff4a41cfdeca</checksum>
	<checksum file="system/connect.php">27ba469b011492426b0a3ae24fc5f70a2f1f16c1</checksum>
	<checksum file="system/basics.php">5a317a026334ee264b5e6c8feebf72c3a92cf6ac</checksum>
	<checksum file="system/DBData/Installation.pfdb.php">a5944d7dae12ba6f9b36c75939d32d395bebe1d0</checksum>
	<checksum file="ubiquitous/Wetter/plugin.xml">756384a210da6123c1a633a52fcb6699f72bc859</checksum>
	<checksum file="ubiquitous/Wetter/mWetterGUI.class.php">46c66170c9e0b66488df6788040fdb319b703eca</checksum>
	<checksum file="ubiquitous/Wetter/mWetter.class.php">8db2949911379a98e533f07fffedb92a85bac085</checksum>
	<checksum file="ubiquitous/Wetter/icons48/weather-wind.png">697a8cecea5c401c78193759409681799ba1e323</checksum>
	<checksum file="ubiquitous/Wetter/icons48/weather-overcast.png">d16bebde477ca7ec93bd2cb8bca05877db261ec2</checksum>
	<checksum file="ubiquitous/Wetter/icons48/weather-night-waxing-crescent.png">928b51e2633e5b282dbf24745e1b9ef4e1f74201</checksum>
	<checksum file="ubiquitous/Wetter/icons48/weather-night-first-quarter-cloudy.png">f079d9084d4873b402ec939b9cde9a880943b339</checksum>
	<checksum file="ubiquitous/Wetter/icons48/weather-highwind-rain.png">31e0cb5196827d0823874096ea336a45b66e0fad</checksum>
	<checksum file="ubiquitous/Wetter/icons48/weather-snow.png">a92334229c25ff18fcdbc8707f9d5922e68f6697</checksum>
	<checksum file="ubiquitous/Wetter/icons48/weather-night-fullmoon-storm.png">6cbb69e33b7c58a8f20872f16bb7d99cd7d098d2</checksum>
	<checksum file="ubiquitous/Wetter/icons48/weather-flood-warning.png">0e10a428a5053950067153c019bba343d035d097</checksum>
	<checksum file="ubiquitous/Wetter/icons48/weather-night-waxing-gibbous-few-clouds.png">6ef2e8c6f359754d4b401ef2b80542987f2ceb32</checksum>
	<checksum file="ubiquitous/Wetter/icons48/weather-night-waning-gibbous.png">d7e2a9cebe6a72407556a992f4d34c5b5240f656</checksum>
	<checksum file="ubiquitous/Wetter/icons48/weather-night-fullmoon-few-clouds.png">ff3200986c486d1909f0fbfa000b11a73d98cc50</checksum>
	<checksum file="ubiquitous/Wetter/icons48/weather-night-last-quarter.png">254ee08006938fe726bb5399a721ebfa6d64b3fe</checksum>
	<checksum file="ubiquitous/Wetter/icons48/weather-night-waxing-crescent-few-clouds.png">4ff3a8b24a0c8b0731958093f271bb3d91e252e6</checksum>
	<checksum file="ubiquitous/Wetter/icons48/weather-night-waxing-gibbous-rain.png">d0bccda9f2a27dee28dae2080d9e14ae9c0a9c59</checksum>
	<checksum file="ubiquitous/Wetter/icons48/weather-hail.png">a4767aa0698d653ca7a1ab9f282e17332a0861a8</checksum>
	<checksum file="ubiquitous/Wetter/icons48/weather-night-waxing-gibbous.png">3ad7290a7ca9fd0ba51bedcad5ec4db18b2fa9bc</checksum>
	<checksum file="ubiquitous/Wetter/icons48/weather-night-first-quarter-snow.png">ee15795d0427ece735664c472f707f1726c72c2d</checksum>
	<checksum file="ubiquitous/Wetter/icons48/weather-storm-scattered-rain.png">f4ba494d1ba4fb02e0ec1e400ca9dd752589fa8e</checksum>
	<checksum file="ubiquitous/Wetter/icons48/weather-tornado.png">e4d0966e0aff25e149555cf22e6e71a04d07d8c4</checksum>
	<checksum file="ubiquitous/Wetter/icons48/weather-volcano-warning.png">324e795cb65f769d36bcb48a4bfab8a97d73579f</checksum>
	<checksum file="ubiquitous/Wetter/icons48/weather-night-waning-crescent-snow.png">d2627d0c193a86404891b58a66ca80e7b4b9f60b</checksum>
	<checksum file="ubiquitous/Wetter/icons48/weather-showers-scattered.png">a211caa8b498ddc9eea3c3c08e9467039a418bc7</checksum>
	<checksum file="ubiquitous/Wetter/icons48/weather-night-first-quarter-foggy.png">c86b26519ca5970495d44babd5ce1d795c83ee51</checksum>
	<checksum file="ubiquitous/Wetter/icons48/weather-night-last-quarter-rain.png">ca1f18a9aeeff308154f3bd84354ac76b28771e5</checksum>
	<checksum file="ubiquitous/Wetter/icons48/weather-night-fullmoon-rain.png">089248fa1286e6fd1ab9a7619bd57be14ef84ef4</checksum>
	<checksum file="ubiquitous/Wetter/icons48/weather-night-fullmoon-snow.png">e114c0c26d5c9e8bf978725196878f011fe1d20c</checksum>
	<checksum file="ubiquitous/Wetter/icons48/weather-night-waning-gibbous-few-clouds.png">153a6d3f67eabd2c789b588f1c2cb1ab2c2b22dc</checksum>
	<checksum file="ubiquitous/Wetter/icons48/weather-volcano.png">1ff0054ad220f077b7e71e687ac13c7af5c4c306</checksum>
	<checksum file="ubiquitous/Wetter/icons48/weather-night-fullmoon-fog.png">e519b13fcbe08339bcdfe84bf252732dedf4a9bc</checksum>
	<checksum file="ubiquitous/Wetter/icons48/weather-night-newmoon-few-clouds.png">c500757b71e2e9fe7d376d364cd2a9cec66c1642</checksum>
	<checksum file="ubiquitous/Wetter/icons48/weather-night-waxing-crescent-rain.png">be19da93750a881a4eb3dfae241bf45f2c7e7b89</checksum>
	<checksum file="ubiquitous/Wetter/icons48/weather-night-first-quarter-rain.png">2029a28b00885e3074bffed2fcbc5039080c25ee</checksum>
	<checksum file="ubiquitous/Wetter/icons48/weather-fog.png">fadf32f7e6fa4a2863455892aa5834855bec2b35</checksum>
	<checksum file="ubiquitous/Wetter/icons48/weather-few-clouds.png">a1ce20f7bf93d08e04903b2cb5aff93c0fe7c0c5</checksum>
	<checksum file="ubiquitous/Wetter/icons48/weather-night-newmoon.png">f75b7aeff7bf01828e9f9a41072ae673167134da</checksum>
	<checksum file="ubiquitous/Wetter/icons48/weather-night-newmoon-foggy.png">02ce0b0bfac61f743376715614e4adb8b8ff97ef</checksum>
	<checksum file="ubiquitous/Wetter/icons48/weather-tornado-watch.png">bb28c93ecb7c0df4d5c6312af9d64b0c497ef5dc</checksum>
	<checksum file="ubiquitous/Wetter/icons48/weather-night-waxingcrescent.png">908a74940f23e38645352ef318ff380a0f3200b2</checksum>
	<checksum file="ubiquitous/Wetter/icons48/weather-showers-spitting.png">47f88a857655a7d2567e00a9765247fba5e3a1b5</checksum>
	<checksum file="ubiquitous/Wetter/icons48/weather-night-newmoon-cloudy.png">5eb69e53ef73ab28e96e9fad7fecb697a881be8e</checksum>
	<checksum file="ubiquitous/Wetter/icons48/weather-night-waning-crescent-rain.png">99897b575350b95c220c3fb2e5a832623fc8eb0c</checksum>
	<checksum file="ubiquitous/Wetter/icons48/weather-night-last-quarter-storm.png">1b98f7c2224701d1f42bbdb6c334836c18334ae1</checksum>
	<checksum file="ubiquitous/Wetter/icons48/weather-night-fullmoon-cloudy.png">2cacc6a35f7705d57eb831008be4c7e5b67c8d0d</checksum>
	<checksum file="ubiquitous/Wetter/icons48/weather-night-newmoon-rain.png">7180dede0ab39811dda370619fd6cb7276483a52</checksum>
	<checksum file="ubiquitous/Wetter/icons48/weather-smog.png">0dfa101a815f343777b4f7896ca310ac67a2d0a8</checksum>
	<checksum file="ubiquitous/Wetter/icons48/weather-clear-very-hot.png">73068a63e614b153ad10d03fb151e43193416277</checksum>
	<checksum file="ubiquitous/Wetter/icons48/weather-clear.png">a3af02f969653b73757ad5df3faea362fa83308e</checksum>
	<checksum file="ubiquitous/Wetter/icons48/weather-night-waxing-gibbous-fog.png">8ebe979c71651b3fcd54fd33fa720326deb7a205</checksum>
	<checksum file="ubiquitous/Wetter/icons48/weather-hazy.png">f8e3fc08207c6e62ab577f0517de232e09843d76</checksum>
	<checksum file="ubiquitous/Wetter/icons48/weather-flood.png">75e2a9b92665694222af7196f165bd06ad695efd</checksum>
	<checksum file="ubiquitous/Wetter/icons48/weather-volcano-watch.png">308fbd4298ca0a12ee40bf3c6091d7b69bcfab6e</checksum>
	<checksum file="ubiquitous/Wetter/icons48/weather-showers-snow.png">468fe204ab9977017a028d1c822951c9a107f926</checksum>
	<checksum file="ubiquitous/Wetter/icons48/weather-night-firstquarter.png">1844bba4e3c2221b09bad64ce076d1824919e8f1</checksum>
	<checksum file="ubiquitous/Wetter/icons48/weather-night-waning-crescent-foggy.png">498ab7adc847fc025bf41ea61170dfbbc86b0e0d</checksum>
	<checksum file="ubiquitous/Wetter/icons48/weather-night-first-quarter-storm.png">2cb268e5047c35bb8bade8c4054a841eb40f6da8</checksum>
	<checksum file="ubiquitous/Wetter/icons48/weather-showers-scattered-snow.png">d08edb028526b0e1e683128a107f47b0f4e5842a</checksum>
	<checksum file="ubiquitous/Wetter/icons48/weather-flood-watch.png">1e8b33d14e18086fb4ff17abaaf8be3608fc4535</checksum>
	<checksum file="ubiquitous/Wetter/icons48/weather-night-lastquarter.png">1d9e1f1a1222170d6b304fe2fddc2421d2c8bdf1</checksum>
	<checksum file="ubiquitous/Wetter/icons48/weather-severe-alert.png">bde5db75e4a1de445b7a1c0ea4b7bb9282c2d57e</checksum>
	<checksum file="ubiquitous/Wetter/icons48/weather-night-waning-gibbous-snow.png">afa2be6d6fcd02445ebe593c5f71d6bdb40a68f2</checksum>
	<checksum file="ubiquitous/Wetter/icons48/weather-night-waxing-crescent-cloudy.png">7b7ff0abbf74b7710dfb81a19b0bc53bc2903eab</checksum>
	<checksum file="ubiquitous/Wetter/icons48/weather-night-waxing-crescent-snow.png">cb09a847fb9cda1e2c29e24bde93f621cfd83cac</checksum>
	<checksum file="ubiquitous/Wetter/icons48/weather-night-waning-gibbous-fog.png">13397e3276a48bb6f4bf6df793cb76166fd81b7b</checksum>
	<checksum file="ubiquitous/Wetter/icons48/weather-highwind.png">e834c2f968a2f316a841d6b6783bcbf8ff8d2e45</checksum>
	<checksum file="ubiquitous/Wetter/icons48/weather-night-waning-crescent-cloudy.png">d829ac6459823beb8b0beb1fd5e743a7d06d3929</checksum>
	<checksum file="ubiquitous/Wetter/icons48/weather-hurricane-watch.png">0a881d5ebb2e669dc8fb67112c647d4fbfa3a594</checksum>
	<checksum file="ubiquitous/Wetter/icons48/weather-night-waxing-crescent-foggy.png">19674020e86691b0d5c98720d4a3fadd4527980b</checksum>
	<checksum file="ubiquitous/Wetter/icons48/weather-hurricane-warning.png">806012dff810b2034c451ce7f92d09d0cb5d2093</checksum>
	<checksum file="ubiquitous/Wetter/icons48/weather-sunny-fog.png">a46c210d5d8a6893c793ff6f369416bf4e51fe2f</checksum>
	<checksum file="ubiquitous/Wetter/icons48/weather-night-waning-gibbous-storm.png">9a1d9b331598d471ce14d023953d10bea7246903</checksum>
	<checksum file="ubiquitous/Wetter/icons48/weather-night-waxing-gibbous-storm.png">ab72dff9a16a0d003398b5989c66228ff284d72c</checksum>
	<checksum file="ubiquitous/Wetter/icons48/weather-night-waxing-gibbous-cloudy.png">320caba30f7dfb2c1e967eb821b06afb6ebe1e87</checksum>
	<checksum file="ubiquitous/Wetter/icons48/weather-night-last-quarter-cloudy.png">065ba837c076d23638c4e269c7d4d2b953825a8c</checksum>
	<checksum file="ubiquitous/Wetter/icons48/weather-showers.png">9525c760ce487128a8d96bf3954985ec489473b2</checksum>
	<checksum file="ubiquitous/Wetter/icons48/weather-lightwind-rain.png">77838164bbcc87a209bdd152c7598cdff2a4fe04</checksum>
	<checksum file="ubiquitous/Wetter/icons48/weather-night-waning-crescent.png">5761e65fb084b57df584c0a8d9df2bdd9232ef99</checksum>
	<checksum file="ubiquitous/Wetter/icons48/weather-tornado-warning.png">231f48f167533d7297f358c8b74bcba9b42d602a</checksum>
	<checksum file="ubiquitous/Wetter/icons48/weather-clear-night.png">592204f01825876ba3891f4739077c527f7b5be7</checksum>
	<checksum file="ubiquitous/Wetter/icons48/weather-night-waning-crescent-storm.png">2c8ce9ad92f63030b6888b26618d36a63b039abb</checksum>
	<checksum file="ubiquitous/Wetter/icons48/weather-night-first-quarter-few-clouds.png">e99443cbcc180ff2b285957182c3232f8a529cfd</checksum>
	<checksum file="ubiquitous/Wetter/icons48/weather-sunshowers.png">ba5a7013db6422867e508f26df2a2796ed264038</checksum>
	<checksum file="ubiquitous/Wetter/icons48/weather-night-waxing-crescent-storm.png">dda75b490d46892f1ef236a6b588b9e653e3dc65</checksum>
	<checksum file="ubiquitous/Wetter/icons48/weather-night-waning-gibbous-rain.png">49053db02c3f1805bf628173faffdfc02c10a535</checksum>
	<checksum file="ubiquitous/Wetter/icons48/weather-severe-alert.ico">a62fea09fe080af017d9909d293cea9b6571b616</checksum>
	<checksum file="ubiquitous/Wetter/icons48/weather-night-last-quarter-snow.png">dfd84ee862e65f07dd92e9c1f8a222650e6cf531</checksum>
	<checksum file="ubiquitous/Wetter/icons48/weather-night-newmoon-storm.png">a4ed76a26b58709bb7dbd58b4bd2c5ff7daeb35e</checksum>
	<checksum file="ubiquitous/Wetter/icons48/weather-lightwind.png">0e2592fe19eef06ed2352676a2a332a50cc2ea71</checksum>
	<checksum file="ubiquitous/Wetter/icons48/weather-night-first-quarter.png">837041893c3aab91250a1ade5ccdd3ecc06ada94</checksum>
	<checksum file="ubiquitous/Wetter/icons48/weather-dusty.png">855efa8e3ed381ecea0c67bd947b9218521729ee</checksum>
	<checksum file="ubiquitous/Wetter/icons48/weather-night-waxing-gibbous-snow.png">a1de44b60c1489cd24c81dea30a9e1ae2ccea2c9</checksum>
	<checksum file="ubiquitous/Wetter/icons48/weather-night-waning-gibbous-cloudy.png">b2f9ffd628f321b24be757a742e39654f4e51f09</checksum>
	<checksum file="ubiquitous/Wetter/icons48/weather-night-newmoon-snow.png">90ceeb4cdd788e8a41f2342e8f3e04828efb868f</checksum>
	<checksum file="ubiquitous/Wetter/icons48/weather-night-last-quarter-few-clouds.png">322cd58636af109e573c79a0dd8a24a2e98daed9</checksum>
	<checksum file="ubiquitous/Wetter/icons48/weather-storm.png">c509cab3e43314df2dd3c239767291d2275dc15b</checksum>
	<checksum file="ubiquitous/Wetter/icons48/weather-night-waning-crescent-few-clouds.png">c9544f425530ee29d6221df7335edef48c2e5e1a</checksum>
	<checksum file="ubiquitous/Wetter/icons48/weather-night-last-quarter-foggy.png">208843174119ec16d4823fb382bf8aceb7c30c74</checksum>
	<checksum file="ubiquitous/Wetter/icons48/weather-very-few-clouds.png">108488771fc80dc7c33615a676f6365f72567335</checksum>
	<checksum file="ubiquitous/Wetter/icons48/weather-wind-rain.png">ade42a3b503a8bca0731d4129f1494625754f0b2</checksum>
	<checksum file="ubiquitous/Wetter/icons48/weather-night-fullmoon.png">26a1d5c3c68eebfe61f073fa58fc29f726a8b207</checksum>
	<checksum file="ubiquitous/Wetter/icons48/weather-hurricane.png">5f0ded2f60b4b8254a78dd9d552605b42ccbff8b</checksum>
	<checksum file="ubiquitous/Wetter/icons32/weather-clear-night.png">e8b08101f46b585ca30c78ada7de6d63e456cd29</checksum>
	<checksum file="ubiquitous/Wetter/Wetter.class.php">2a21e7d906b7a1d910aca417140783749af27102</checksum>
	<checksum file="ubiquitous/Wetter/Wetter.png">06ac3d94abcb555f4a29f036aed7ffbb79b8cf0f</checksum>
	<checksum file="ubiquitous/Wetter/translation/de.po">f5675070d5b733f9721fa1c75b9b30e8d4d452e1</checksum>
	<checksum file="ubiquitous/Wetter/translation/moon-phases-de_DE.po">8d99acdb61ef672bc0ec0a18f11f9e4cb9aef891</checksum>
	<checksum file="ubiquitous/Wetter/Mond.class.php">85265614258bbbea946403e19902c92bb7e85341</checksum>
	<checksum file="ubiquitous/Wetter/WetterGUI.class.php">7b02cbcd2eab2947d96fc42dfadc2247763a53bc</checksum>
	<checksum file="ubiquitous/Wetter/CI.pfdb.php">a21d9b944ebdf58be67cb204087d5aebfcfb459f</checksum>
	<checksum file="ubiquitous/Wetter/MondGUI.class.php">60bd800a954b4d38b0bc353212845602f7c8cb81</checksum>
	<checksum file="ubiquitous/xCal/plugin.xml">424ee2825438daf87ec88116dc65bbb359969f26</checksum>
	<checksum file="ubiquitous/xCal/mxCalGUI.class.php">93f8d9e6123fc0959a9809c4c8cefccd876d0f39</checksum>
	<checksum file="ubiquitous/xCal/cronjob.php">f44d62f97c79be6e4dda3806296e35e10b26498c</checksum>
	<checksum file="ubiquitous/xCal/xCalUtil.class.php">c39ec4c438004433515a4bc0a95d8bce50eb8c3a</checksum>
	<checksum file="ubiquitous/xCal/xCal.xsd">2067d3d5190aa6cb0231e2370d75cce5cbccdd3e</checksum>
	<checksum file="ubiquitous/xCal/xCal.class.php">9db0241b6c73169c1ca04ba471594509517f39d6</checksum>
	<checksum file="ubiquitous/xCal/xCalGUI.class.php">5d619340eeb65d04ae083f4060fc32ba1349ff83</checksum>
	<checksum file="ubiquitous/xCal/xCalDataEvent.class.php">9897f2a2dd1bf7d28fd73d668ad0605fcf2a7a07</checksum>
	<checksum file="ubiquitous/xCal/CI.pfdb.php">48c1723a46302ddbe9d89b8554a45364a575dda4</checksum>
	<checksum file="ubiquitous/Todo/plugin.xml">8f7bdae3c9d3fae61e1b282419c8bf562df30c86</checksum>
	<checksum file="ubiquitous/Todo/TodoGUI.class.php">b8d1c8bacaa778724e363c2686168c7b9ab43845</checksum>
	<checksum file="ubiquitous/Todo/Todo.class.php">a0ab3e76966eaf912bc88aba2ecd1225b7bc8acc</checksum>
	<checksum file="ubiquitous/Todo/mTodo.class.php">f94eef3bb8bbb2a0d75a2e72ec07dd5161a974d0</checksum>
	<checksum file="ubiquitous/Todo/Todo.js">22920b266213827307c0d507058d6011a87abbfb</checksum>
	<checksum file="ubiquitous/Todo/Termin.png">481845f0136cde21db5398f61ccbaacbf99eed29</checksum>
	<checksum file="ubiquitous/Todo/Aufgabe.png">c27e5d655b2396944c4b5dbad2eff78842611437</checksum>
	<checksum file="ubiquitous/Todo/Todo.png">9df9a106606ce728d42133a6b098cf8b283535c9</checksum>
	<checksum file="ubiquitous/Todo/Anruf.png">19a95e660c7837c3432c6734e281fec57291b977</checksum>
	<checksum file="ubiquitous/Todo/mTodoGUI.class.php">b03ee3974451aa64f16833a9a7785592c0e5c2cb</checksum>
	<checksum file="ubiquitous/Todo/TodoInvitation.class.php">a24c10291b6ecacd14d2c4c38fd15568f00bdb2b</checksum>
	<checksum file="ubiquitous/Todo/CI.pfdb.php">d427e213cb74f61e7db6b0ce864e68f29bfd8c9e</checksum>
	<checksum file="ubiquitous/CustomerPage/plugin.xml">61e5ee058e81f46c85ec908de28cd0a80b6887f7</checksum>
	<checksum file="ubiquitous/CustomerPage/pages/CCTicketShop.class.php">4ec916b27377d5ab03a19e78958383fe91ddfe39</checksum>
	<checksum file="ubiquitous/CustomerPage/pages/CCRegistrationPDFix.class.php">296e5ea6c51107f86937aa79c31be10f9567fc9a</checksum>
	<checksum file="ubiquitous/CustomerPage/pages/CCTicketPOS.class.php">1fb65b0d1f2ebbfd35d415313664365413739e29</checksum>
	<checksum file="ubiquitous/CustomerPage/pages/CCAuftrag.class.php">8dd400cb1a1a50d9623bb8ac1c87162b9ebfed4b</checksum>
	<checksum file="ubiquitous/CustomerPage/pages/CCFCalc.class.php">c765e8f04169b706b4de10ba9d70fa131036a73d</checksum>
	<checksum file="ubiquitous/CustomerPage/pages/CCTimeTerminal.class.php">9dbb6e90f6ac68ad8a44b98be19b0846bf2ef333</checksum>
	<checksum file="ubiquitous/CustomerPage/pages/CCShopping.class.php">a5fa4e66c5929205818ccff4552194cd964925fb</checksum>
	<checksum file="ubiquitous/CustomerPage/lib/jquery.validate.min.js">3fd459c1468e1bb456d4ae04c6d0bd6e875e91e0</checksum>
	<checksum file="ubiquitous/CustomerPage/lib/jquery.jgrowl.min.js">9f6d4a15785e5797cbf42966b7260314c6a3c657</checksum>
	<checksum file="ubiquitous/CustomerPage/lib/jquery.jgrowl.min.css">5bc8cbead846071e4bb6221340c4ad98c97e10ce</checksum>
	<checksum file="ubiquitous/CustomerPage/lib/iconic_stroke.ttf">1c9609b1856ad8cd8c5b21b49459a19dec2f226b</checksum>
	<checksum file="ubiquitous/CustomerPage/lib/iconic_stroke.eot">32857c97d9845f2b75e5731051408ded32d1ebf6</checksum>
	<checksum file="ubiquitous/CustomerPage/lib/Ubuntu-Regular.ttf">bd34d577a86d9caaff673409fd5a196c27831220</checksum>
	<checksum file="ubiquitous/CustomerPage/lib/jquery.signaturepad.min.js">78d61e72f08ecc7cc79ae8fe79abd219476750b5</checksum>
	<checksum file="ubiquitous/CustomerPage/lib/jquery-ui-1.8.24.custom.min.js">d41c648ea681e403970f6d6050bd949bc6f97fad</checksum>
	<checksum file="ubiquitous/CustomerPage/lib/jstorage.min.js">7de03608a9bb4b5a077367e63507f3c91d98bd2b</checksum>
	<checksum file="ubiquitous/CustomerPage/lib/jquery-ui-1.8.24.custom.css">3d4ed18f8c478997f0d85a10caf9d009b29fc44c</checksum>
	<checksum file="ubiquitous/CustomerPage/lib/jquery-1.8.2.min.js">149b5180cb9de3f646fc26802440a6ac6e758d40</checksum>
	<checksum file="ubiquitous/CustomerPage/lib/jquery.hammer.min.js">d7f6a048a52767c22a6b9a44d38e0eda5ce7c437</checksum>
	<checksum file="ubiquitous/CustomerPage/lib/images/ui-icons_2e83ff_256x240.png">5c0800291a8dc41ae915d9fe6d42f96c67035a23</checksum>
	<checksum file="ubiquitous/CustomerPage/lib/images/ui-bg_glass_75_e6e6e6_1x400.png">c81ea6fba4db897df599670c6bf3b3b5764d4e54</checksum>
	<checksum file="ubiquitous/CustomerPage/lib/images/ui-icons_cd0a0a_256x240.png">cc0d1cda69297dd503da85738976ff8ae5e2c0f5</checksum>
	<checksum file="ubiquitous/CustomerPage/lib/images/ui-icons_454545_256x240.png">1ab19df782d0b8491fc21c1edf7b20941624dd34</checksum>
	<checksum file="ubiquitous/CustomerPage/lib/images/ui-icons_888888_256x240.png">488af2c51acd097e9136d4dd1f0850168e8de760</checksum>
	<checksum file="ubiquitous/CustomerPage/lib/images/ui-bg_glass_75_dadada_1x400.png">11e9ed5a7db83cf86034068e4f6de4c2f273f0c1</checksum>
	<checksum file="ubiquitous/CustomerPage/lib/images/ui-bg_flat_75_ffffff_40x100.png">a9bb131c4acff0d07fa7b7f21bef05179c28d13b</checksum>
	<checksum file="ubiquitous/CustomerPage/lib/images/ui-bg_glass_95_fef1ec_1x400.png">6140799c338f9fa5ccce4fb29346512806462a60</checksum>
	<checksum file="ubiquitous/CustomerPage/lib/images/ui-bg_glass_65_ffffff_1x400.png">7e5c99e9f0113ba6b63c2bb408b8347191316cda</checksum>
	<checksum file="ubiquitous/CustomerPage/lib/images/ui-bg_flat_0_aaaaaa_40x100.png">da1c9bf45bd3644c2ddffcd4f631108d80e6a6f2</checksum>
	<checksum file="ubiquitous/CustomerPage/lib/images/ui-bg_glass_55_fbf9ee_1x400.png">4966153f5260cc8b5b9ea3afd5bd6b0dee5bc7b1</checksum>
	<checksum file="ubiquitous/CustomerPage/lib/images/ui-icons_222222_256x240.png">d6dee0eaf76929c4e06b2f2bc3058bdad1d0a1fc</checksum>
	<checksum file="ubiquitous/CustomerPage/lib/images/ui-bg_highlight-soft_75_cccccc_1x100.png">53b50999c4c9838a2a2a190b54203ab9c6acbb21</checksum>
	<checksum file="ubiquitous/CustomerPage/index.php">aebaa812832a2efd05921182fb5766eba35dfe4c</checksum>
	<checksum file="ubiquitous/CustomerPage/images/TimeTerminalBG.svg">8518d34af27d08e1af64608840f97c4d731c8490</checksum>
	<checksum file="ubiquitous/CustomerPage/CI.pfdb.php">abb5422ebc33070b31fd45016a60aceca41752d8</checksum>
	<checksum file="ubiquitous/Kalender/plugin.xml">2e4d7b71978b8ecaebf005acb73f919271757649</checksum>
	<checksum file="ubiquitous/Kalender/iKalender.class.php">4bde929139c4e961b77d8839e6ab821d9bbaab3f</checksum>
	<checksum file="ubiquitous/Kalender/Kalender.class.php">3232310ebde55afc160a2735e504f24e723212a6</checksum>
	<checksum file="ubiquitous/Kalender/share.png">6763f691bfbd0dad0daf247c9a765c2201cf6579</checksum>
	<checksum file="ubiquitous/Kalender/mKalenderGUI.class.php">f5846f634fe3a4c2c0750dd520b12fb7fbe52e2b</checksum>
	<checksum file="ubiquitous/Kalender/KalenderHolidays.class.php">fa1c9ca7160d2ad3b37883df7feac7672f04830a</checksum>
	<checksum file="ubiquitous/Kalender/showDetails.png">bb7d8bda0646448430394989c445bea78c6d6909</checksum>
	<checksum file="ubiquitous/Kalender/KalenderViewTag.class.php">55d031d1ac2458fd7d7b5065fe50a5926cf4d625</checksum>
	<checksum file="ubiquitous/Kalender/KalenderEntry.class.php">a7799dc9b4c98526c0de25257bc9864902555636</checksum>
	<checksum file="ubiquitous/Kalender/week.png">45248a5a53a663fef555f8dddd67d1a95b0261b6</checksum>
	<checksum file="ubiquitous/Kalender/month.png">41ad9c3b61c042c02210ef69274d07e7e5e1d410</checksum>
	<checksum file="ubiquitous/Kalender/day.png">69ddf655781bd07b7d11d2829feb3f05b607872e</checksum>
	<checksum file="ubiquitous/Kalender/KalenderViewMonat.class.php">f2f2c0b7fe49b0aac36e26767dafe12b4d199043</checksum>
	<checksum file="ubiquitous/Kalender/KalenderViewJahr.class.php">3596cdde8343507809f8a30259b390ef39aa6d7e</checksum>
	<checksum file="ubiquitous/Kalender/addToDo.png">5832128e55ac20ba7dec5a7d8e74d5f956a14b74</checksum>
	<checksum file="ubiquitous/Kalender/vcalendar.class.php">102879d34b89353fe20be53b4ae37549d32c8629</checksum>
	<checksum file="ubiquitous/Kalender/Kalender.js">a678e2790d1cdc8002a28f8ebdea6e382b3d718d</checksum>
	<checksum file="ubiquitous/Kalender/workweek.png">76dc778df2eb2e57ccec23882c53a19238c9c965</checksum>
	<checksum file="ubiquitous/Kalender/deleteSeries.png">8351cd05aa74e666bfa337df3cee2bd5ff2ebf05</checksum>
	<checksum file="ubiquitous/Kalender/exportXCal.php">24760acf296e99748811ea06e4c28887f00204af</checksum>
	<checksum file="ubiquitous/Kalender/CalendarBig.png">587658f26784410166eb9efae331e16235eaef3f</checksum>
	<checksum file="ubiquitous/Kalender/mKalender.class.php">a797c92da0385e405bbf784e8534cdee4d1df3f8</checksum>
	<checksum file="ubiquitous/Kalender/Bericht_KalenderGUI.class.php">7ea37191e349fb9dcc8e662ce01328713688c926</checksum>
	<checksum file="ubiquitous/Kalender/KalenderEvent.class.php">5cc4edad24e0844b208730c2ffcb6e8d97a4cc1f</checksum>
	<checksum file="ubiquitous/Kalender/KalenderViewWoche.class.php">7d48f29a514332a187f897ceabe02a3357d9f278</checksum>
	<checksum file="ubiquitous/Kalender/iCalUtil.class.php">575f92cf56d0c4c6e7d4afd895248ad4972076c9</checksum>
	<checksum file="ubiquitous/Kalender/Calendar.png">cc82e2133d55dbc70a2e7b006962b576c5ace262</checksum>
	<checksum file="ubiquitous/Kalender/hasToDo.png">b4686e3d02c7da090c93f616da1675df50136139</checksum>
	<checksum file="ubiquitous/Kalender/KalenderHG.png">b5941f6825a5faace88e108bde6a5342448c9f4f</checksum>
	<checksum file="ubiquitous/Kalender/list.png">90653fdc156e6e2f9a6837951deece92db542ca1</checksum>
	<checksum file="ubiquitous/RSSParser/plugin.xml">51fc3e1c5368f2afcb3161369aa9681d2f083dfc</checksum>
	<checksum file="ubiquitous/RSSParser/RSSPDeutscherWarndienstDe.class.php">b527c0e27740a054ea4adebfe07f449acb5e2526</checksum>
	<checksum file="ubiquitous/RSSParser/RSSParser.class.php">3582ac774b3ac1d8dfc0f27df60a59eedc3c43d3</checksum>
	<checksum file="ubiquitous/RSSParser/weather-severe-alert.png">599b49fb097bc901326001af3aa24af941a381da</checksum>
	<checksum file="ubiquitous/RSSParser/RSSParserGUI.class.php">cc1aadbdc338eebfaa275384e1e6d740a71d0651</checksum>
	<checksum file="ubiquitous/RSSParser/iRSSParser.class.php">3ad17b810e4e64d1ad83afb1b61ef51ddfb86bc8</checksum>
	<checksum file="ubiquitous/RSSParser/mRSSParserGUI.class.php">99d392bd3b754645cce513441f81b820a79d2db5</checksum>
	<checksum file="ubiquitous/RSSParser/CI.pfdb.php">3b52f79709121dc2f7caa4f039dd5d492102d14a</checksum>
	<checksum file="ubiquitous/RSSParser/RSSParser.png">052e11c8bc348f26788102a38ee686a2f16dcb58</checksum>
	<checksum file="ubiquitous/prettifyDB/plugin.xml">05bbde2d3a41f0b9ee70f3074f881202bec14a53</checksum>
	<checksum file="ubiquitous/prettifyDB/mprettifyDBGUI.class.php">8f37142e86ef5b1c02d8f59ee0310846f030fd7f</checksum>
	<checksum file="ubiquitous/prettifyDB/prettifyDB.class.php">bc60bb93efbd0b2601affdbae442e8a5be46fc06</checksum>
	<checksum file="ubiquitous/prettifyDB/prettifyDBGUI.class.php">61742c852872e64b815fd236d54889ded323254a</checksum>
	<checksum file="ubiquitous/prettifyDB/CI.pfdb.php">7f46a8f6a03363259a743af96d603cfb69689b97</checksum>
	<checksum file="ubiquitous/openEAN/plugin.xml">213ce988b30359655dcf35a42436d04ede952a22</checksum>
	<checksum file="ubiquitous/openEAN/mopenEANGUI.class.php">330ea9254df15b9f517fe6c346b8fb773c476b84</checksum>
	<checksum file="ubiquitous/openEAN/openEAN.class.php">94581c6d89924f4d8091432c871cf69c6f0ec342</checksum>
	<checksum file="ubiquitous/openEAN/openEANGUI.class.php">3c2652c5c4dd9503ef2e255f2c8b30c5538868fe</checksum>
	<checksum file="ubiquitous/openEAN/CI.pfdb.php">6f01f550399107a597d4e6b06b872bdd19491f63</checksum>
	<checksum file="open3A/Adressen/plugin.xml">f66b0c9d08b6354a5c8d122259f7383f7a1f67c2</checksum>
	<checksum file="open3A/Adressen/Adresse.class.php">beee2797e031c7373fa94e7bc29895cc4cf9d180</checksum>
	<checksum file="open3A/Adressen/AdresseAdapter.class.php">230319c0e89e6290f3ff33d1e0864b5e4b0ca382</checksum>
	<checksum file="open3A/Adressen/Adressen.class.php">779cfb721389976aaf6e7b3c5446b62d07bfd0b5</checksum>
	<checksum file="open3A/Adressen/AdressenGUI.class.php">3539dd0c94102a788dd4480fe02c656a227bea07</checksum>
	<checksum file="open3A/Adressen/mAdresseGUI.class.php">0c14fda1cc91809910ced6c955d312cc7c5855d4</checksum>
	<checksum file="open3A/Adressen/AdresseGUI.class.php">b9c76d901c31d14b05687d6b99ce96323e7d9deb</checksum>
	<checksum file="open3A/Adressen/CI.pfdb.php">f76d6d85a73cec42e58782ad8111c108d75fde06</checksum>
	<checksum file="libraries/webtoolkit.sha1.js">f0e22009e18bac9a027665d3eea0471695969dec</checksum>
	<checksum file="libraries/PhpFileDB.class.php">791afb0c10db753edc5e52168356817bb49c9bc2</checksum>
	<checksum file="libraries/roboto/Roboto-Light.ttf">7d72a31aaa2d4ae9734e02a2522416479ec6aea3</checksum>
	<checksum file="libraries/roboto/Roboto-Light.woff">f40d459d7fd6e32d101134748b241d7764b98181</checksum>
	<checksum file="libraries/roboto/LICENSE.txt">47b573e3824cd5e02a1a3ae99e2735b49e0256e4</checksum>
	<checksum file="libraries/jquery/jquery.scrollTo-1.4.2-min.js">932d49391d9d2dbe008a969165f300a6aebec475</checksum>
	<checksum file="libraries/jquery/jquery-ui-1.10.1.custom.min.js">836b4ce3a5cb00284e4deea53c6dd0e6daefc88a</checksum>
	<checksum file="libraries/jquery/jquery.json-2.3.min.js">2a4615b93c65dd50f92117c570121035a0327fee</checksum>
	<checksum file="libraries/jquery/jquery.timers.js">8073c573e21f9c07cd85661f81de23102c93773a</checksum>
	<checksum file="libraries/jquery/jquery.qtip.min.js">80ccc4d946192ab2647c969a5323795088aab087</checksum>
	<checksum file="libraries/jquery/jquery.qtip.min.css">c922058e2165d02172b38de39d687f45a679e5e2</checksum>
	<checksum file="libraries/jquery/jquery-1.9.1.min.js">077bd9f24fee7fb85611a7d08949382c8e2e2914</checksum>
	<checksum file="libraries/jquery/images/ui-icons_2e83ff_256x240.png">8b5bbdf076459f0cf34ad33a694d2b7f28b304a0</checksum>
	<checksum file="libraries/jquery/images/ui-bg_glass_75_e6e6e6_1x400.png">3be1f391dfd8cb71dceba6dd2a24150ca5b5f2a1</checksum>
	<checksum file="libraries/jquery/images/ui-icons_cd0a0a_256x240.png">f35a1fae2be3542ffb7ba76808e05d35a96f2093</checksum>
	<checksum file="libraries/jquery/images/ui-icons_454545_256x240.png">ffe7a4b0e6b5ca5ea35c2ef6ac72b8d08c82f91e</checksum>
	<checksum file="libraries/jquery/images/ui-icons_888888_256x240.png">8732ef39e65f8baefa8565ebd92554f37308c395</checksum>
	<checksum file="libraries/jquery/images/ui-bg_glass_75_dadada_1x400.png">5e9098d4dbc895ee64bc15a1a0d8398e0c5d78eb</checksum>
	<checksum file="libraries/jquery/images/ui-bg_flat_75_ffffff_40x100.png">16dd5bc109745f03931828b312e28f8cf7fbb694</checksum>
	<checksum file="libraries/jquery/images/ui-bg_glass_95_fef1ec_1x400.png">a1c0adb232b986e6414ef97b5a2b79e2483cb378</checksum>
	<checksum file="libraries/jquery/images/ui-bg_glass_65_ffffff_1x400.png">79ddd6d86be708f003b2b1d4f45c26572bf6a831</checksum>
	<checksum file="libraries/jquery/images/ui-bg_flat_0_aaaaaa_40x100.png">29a747768d0b75c57c388af8a99c932e334e3339</checksum>
	<checksum file="libraries/jquery/images/animated-overlay.gif">16fd304b0511eb4792545ff12a53c9c19f98fdf7</checksum>
	<checksum file="libraries/jquery/images/ui-bg_glass_55_fbf9ee_1x400.png">f17fc1fce5cbda48b90cf82eb765a33f7d4a234e</checksum>
	<checksum file="libraries/jquery/images/ui-icons_222222_256x240.png">d8f1050a2f5791a0861d7b1088db154d1cad8a6b</checksum>
	<checksum file="libraries/jquery/images/ui-bg_highlight-soft_75_cccccc_1x100.png">bf4179065fc8a6d4306e82aef1f49ad8745eeca0</checksum>
	<checksum file="libraries/jquery/jquery-ui-1.10.1.custom.css">69f8fc19e3f7cf826f43d782a15d163be9ed1107</checksum>
	<checksum file="libraries/jquery/jquery.hammer.js">1650098e17d6b2d92756310e848dc95ddbe8e781</checksum>
	<checksum file="libraries/iban/php-iban.php">84314aa7e7b3b384a153e42c8c1aad2d4a119db8</checksum>
	<checksum file="libraries/iban/IBAN.class.php">ea7beab6b6f3937b99edb5abb0dc1f5b8d382c42</checksum>
	<checksum file="libraries/iban/registry.txt">797ac2aa86d84fe0f0147e2ba20c86cf64fbb4a7</checksum>
	<checksum file="libraries/Timer.class.php">fcba609445b6d4eee6419acad0f49402c8b2907d</checksum>
	<checksum file="libraries/locale/en_GB/LC_MESSAGES/messages.mo">c4b80e9e0824647b4b0ab0e7bbb7cabd26a5ffd4</checksum>
	<checksum file="libraries/locale/en_GB/LC_MESSAGES/messages.po">1c1d3ba53a81d0ee97d848fe4e298e388e51a3c6</checksum>
	<checksum file="libraries/fpdf/FPDF.class.php">5885a4d11f28efa2c4c479a00dd9a6487bfbbb1b</checksum>
	<checksum file="libraries/fpdf/font/helvetica.php">25a84993eff4362229c756cb04a6c76889293392</checksum>
	<checksum file="libraries/fpdf/font/timesbi.php">91581e97bedf22651bc1ea1d0715ea440f64a75d</checksum>
	<checksum file="libraries/fpdf/font/zapfdingbats.php">256740f33296bef3968da985b62ce89c7ea0562e</checksum>
	<checksum file="libraries/fpdf/font/helveticabi.php">ceb38a2b6a758b21c35e1a57133688d78abf5938</checksum>
	<checksum file="libraries/fpdf/font/courier.php">d21bc9139f64e4ee876594cc13050591c249f648</checksum>
	<checksum file="libraries/fpdf/font/symbol.php">b9d2e29763c3651fc413604b1c4330f72e5cddbc</checksum>
	<checksum file="libraries/fpdf/font/helveticab.php">35eb65d55ea1d76d72cc521d151f686d4ab71518</checksum>
	<checksum file="libraries/fpdf/font/times.php">fa41bfb5666f7af4ad247f9bfe2cc320cd58b4c7</checksum>
	<checksum file="libraries/fpdf/font/helveticai.php">4b173d8c439e6351d6d8efb12968a9766f38023f</checksum>
	<checksum file="libraries/fpdf/font/timesi.php">c099f31c1a504e645dc0ed086e4a544338c4452d</checksum>
	<checksum file="libraries/fpdf/font/timesb.php">8de5353f4c59050d35b52ad82ffdae17abeee23d</checksum>
	<checksum file="libraries/fpdf/FPDF_TPL.class.php">d7b9571f258edf9c891ed8a4d8bfa369c89142b6</checksum>
	<checksum file="libraries/fpdf/fpdi_pdf_parser.class.php">8b3743b054f2d5b3b9d79a91a207da4baf670474</checksum>
	<checksum file="libraries/fpdf/pdf_context.class.php">54b1050e16ed73b4ea2f67894fd83c28da23e432</checksum>
	<checksum file="libraries/fpdf/FPDI.class.php">b060ce0f4145a93a89c8026e1d472eb2d9edbb68</checksum>
	<checksum file="libraries/fpdf/pdf_parser.class.php">a76e6228b47b2eefc9d390e91159975137cefddc</checksum>
	<checksum file="libraries/nicEdit/nicEditorIconsTiny.gif">3dea38e51f19c9e1862e3351ed3517e60eb3bc8b</checksum>
	<checksum file="libraries/nicEdit/nicEditorIcons.gif">820c32afd374ed22c4d051732db57b15253989b7</checksum>
	<checksum file="libraries/nicEdit/nicEdit.js">0edfcbc1b1315223243747283412d6b561cf56dd</checksum>
	<checksum file="libraries/fileuploader.js">dd0ac255ff252d315fb1f8c8c21f4752dfa15b6a</checksum>
	<checksum file="libraries/jstorage.js">6b759ea6c526a7d7884bd1700792fa9c661107b0</checksum>
	<checksum file="libraries/PMBP.inc.php">7677268148bfa17e1469754fae46b57cfaa34991</checksum>
	<checksum file="libraries/FormattedTextPDF.class.php">c33e7e95e6cdfa1432d03e6c8af28e85559e5aac</checksum>
	<checksum file="libraries/HTMLSlicer.class.php">9e3bdb36994c9cf26df4299f4c2aa0738b8cf3e7</checksum>
	<checksum file="libraries/Telnet.class.php">a24b9fdddef80d035f9b784e59323c72cc7ac2b5</checksum>
	<checksum file="libraries/mailer/RFC822.php">8fb3a2aa692fa3679a51418f9470cd428df419f8</checksum>
	<checksum file="libraries/mailer/PHPMailer.class.php">f9a33af1155646d972580dc833f36441bda127e9</checksum>
	<checksum file="libraries/mailer/htmlMimeMail5.php">828ed79c02d02ad3c499fe644825e8bf910a8462</checksum>
	<checksum file="libraries/mailer/smtp.php">bbc7cb917e346da99c6eba6bd7aee0074a4987c4</checksum>
	<checksum file="libraries/mailer/mimePart.php">2e963c9af11195100aad739107f12c53be65a203</checksum>
	<checksum file="libraries/mailer/class.smtp.php">a32cf1ec72dc21c49dae667b4a54f5c42e892313</checksum>
	<checksum file="libraries/mailer/htmlMimeMail5.class.php">3dfe3ec41e437d9b6cecd5290e16ece0c0c6907f</checksum>
	<checksum file="libraries/TextEditor.js">4e3234e7645ddd597cdff931850fadf8c96858a7</checksum>
	<checksum file="libraries/minify/CSS.php">9e94f4bbb0f5603a24befe817ffcd7337d04f059</checksum>
	<checksum file="libraries/minify/JSMin.php">7e3c11ecddaa9623ff077b423d4d6b0da2837128</checksum>
	<checksum file="libraries/SqlFormatter.class.php">40dcd9a932fe0b265944378865642fd64d58a540</checksum>
	<checksum file="libraries/HTMLTidy.class.php">9edaf524acd5b0b1356d9b9ce767436a4b499c83</checksum>
	<checksum file="libraries/flot/jquery.flot.resize.js">22034f04320621c8b9211e2c91089bb952a5eb69</checksum>
	<checksum file="libraries/flot/jquery.flot.js">f8dcedd5993c19511e819c9419f6a0dabdfa72f1</checksum>
	<checksum file="libraries/flot/jquery.flot.selection.js">51b51a66728e4799df61eb992f394d2bf29148a7</checksum>
	<checksum file="libraries/flot/jquery.flot.orderBars.js">d29ef998c77c9e21456ff6e88c40b981261bfbf2</checksum>
	<checksum file="libraries/flot/jquery.flot.stack.js">881b8066ccef79b6ad2997d675df90b00f3de3dd</checksum>
	<checksum file="libraries/flot/jquery.flot.crosshair.js">0f384489cc5c75607e547de5fa49f84a54644ad5</checksum>
	<checksum file="libraries/flot/jquery.flot.symbol.js">3432ef7294622f0a88f5d6a17161ff168de21da8</checksum>
	<checksum file="libraries/flot/jquery.colorhelpers.js">8d10fa45ffc33ae0b9d14e9a2d6aaee224af096f</checksum>
	<checksum file="libraries/flot/jquery.flot.pie.js">bae486c884c44aba1cd4b0ce246dea8d7263ed29</checksum>
	<checksum file="libraries/flot/jquery.flot.image.js">2574ba51c0f12d38af96370543c33dcac7ae62e2</checksum>
	<checksum file="libraries/flot/excanvas.min.js">367b6955bcaabc71381ee3c8436db71413894257</checksum>
	<checksum file="libraries/flot/jquery.flot.navigate.js">233e8a8e1f0e0ecdf352350903c842e579a3f42a</checksum>
	<checksum file="libraries/flot/jquery.flot.fillbetween.js">0af315e116721bc6b149fddff4cf3806fbe03544</checksum>
	<checksum file="libraries/flot/jquery.flot.threshold.js">ebf9378fd5037bb7e0746b912c0804ab3b77605b</checksum>
	<checksum file="libraries/flot/jquery.flot.time.js">fe99a30d1851f6fd927c0329cf0b9bd8b3b0bc5b</checksum>
	<checksum file="libraries/flot/excanvas.js">fbf7c2999b5317bed007359b58e00a4a3995cc58</checksum>
	<checksum file="libraries/flot/LICENSE.txt">a95830da23b80c006af13a8d4549d21ef860e994</checksum>
	<checksum file="libraries/webtoolkit.base64.js">6f3a8ba839c995154051d7dae84be1645e32b2f7</checksum>
	<checksum file="libraries/PlancakeEmailParser.class.php">4f60ab61cdc29d925027b38554132b9e872085a6</checksum>
	<checksum file="libraries/modernizr.custom.js">a73c382fdc137a702f3cae8374804ca6db9454cc</checksum>
	<checksum file="libraries/geshi/GeSHi.class.php">ee140c873d494792cf77cb1c7e2906577d1e3143</checksum>
	<checksum file="libraries/geshi/geshi/sql.php">7fc6ac1cc00120c05a62d9521e62939a1c67899a</checksum>
	<checksum file="libraries/geshi/geshi/javascript.php">d5f3004d68eb91752010aef395d21c541cfe6921</checksum>
	<checksum file="libraries/geshi/geshi/php.php">3c9c748bbf6f24cffba927e8c4184d4f17f9a34d</checksum>
	<checksum file="classes/exceptions/ClassNotFoundException.class.php">2da46630e28ac54743d887dc180e7b03b99fb1da</checksum>
	<checksum file="classes/exceptions/AccessDeniedException.class.php">05da933906a6ace771a83ac81f8612bc482bc0c9</checksum>
	<checksum file="classes/exceptions/DataTypeNotDefinedException.class.php">25db3aaf05cf62b346fddc1e84990f96dcb26406</checksum>
	<checksum file="classes/exceptions/AttributesNotSetException.class.php">285b187d9c0d62b557fbfb9a2632baacaa5a2f52</checksum>
	<checksum file="classes/exceptions/DuplicateEntryException.class.php">1f4453ab3b805f251067ba14aa7fda4165eb28eb</checksum>
	<checksum file="classes/exceptions/DatabaseNotFoundException.class.php">85579cb2ff38bca64eddfb47498c9f4354b3ac53</checksum>
	<checksum file="classes/exceptions/DatabaseNotSelectedException.class.php">129ec2419186123ad2a45dedec085636683deaf0</checksum>
	<checksum file="classes/exceptions/AOPNoAdviceException.class.php">7a7cedcad59a42ecff9719a28140c88919e1e7af</checksum>
	<checksum file="classes/exceptions/o3AException.class.php">e113bf18405f33d9e293b3df28512ec34bc2680e</checksum>
	<checksum file="classes/exceptions/FieldDoesNotExistException.class.php">a4a2cc78cdbd4b41113488691cea950544e6945c</checksum>
	<checksum file="classes/exceptions/NoServerConnectionException.class.php">a5490ba75c040e4f3c3adb4c584589a0ba033a23</checksum>
	<checksum file="classes/exceptions/TableDoesNotExistException.class.php">4da66d1a15608e3e3ee15f89f2552d63a154f98f</checksum>
	<checksum file="classes/exceptions/StorageException.class.php">e26f04617783af3360384b9a9da913b4f6e3bd29</checksum>
	<checksum file="classes/exceptions/FactoryException.class.php">ffddd3ae1c5f190ed11780ab67d164c4450ce5e4</checksum>
	<checksum file="classes/exceptions/FunctionDeprecatedException.class.php">31c8162f80121b82a1325cea834bd6fa58387bcc</checksum>
	<checksum file="classes/exceptions/NoDBUserDataException.class.php">c0b76f4fa5f29a7b5222b7129c52889847ea9f1c</checksum>
	<checksum file="classes/exceptions/CollectionOfNotSetException.class.php">4157ba6b4775f7c64be4f3742e255fce19f2bcdf</checksum>
	<checksum file="classes/toolbox/Aspect.class.php">cc5e57288901f68fe982730fc334bbb811a14fc2</checksum>
	<checksum file="classes/toolbox/ConfigFile.class.php">4f3113872688c5469f4e297c2312709d111411ed</checksum>
	<checksum file="classes/toolbox/ISO3166.class.php">8d459dd0ec666872495dd56fd1cd785c432a863a</checksum>
	<checksum file="classes/toolbox/RSSFeed.class.php">2e090ef283819f729973e72a4c633ded1bd218c6</checksum>
	<checksum file="classes/toolbox/PMReflector.class.php">76ca39c82e32d64a2a880eadbac472fb2fb0c8af</checksum>
	<checksum file="classes/toolbox/Button.class.php">22690c87ba46525e3ee24e3e02278eb990769cfd</checksum>
	<checksum file="classes/toolbox/CategorizerGUI.class.php">3307117134f29177371f790641228141b19048bd</checksum>
	<checksum file="classes/toolbox/CertTest.class.php">407f2dfe54c968248008fc7eb6ddc85d7ec0d4bf</checksum>
	<checksum file="classes/toolbox/FileBrowser.class.php">57548d4540a57fe2777a3ee866668b47dc94bfbe</checksum>
	<checksum file="classes/toolbox/SysMessages.class.php">3adaac11e9bcfcf5ccfc88c6e24ca963fd6127cb</checksum>
	<checksum file="classes/toolbox/SupportGUI.class.php">869fef8c2b5cda141cc5322d1a8b9701ae1454fe</checksum>
	<checksum file="classes/toolbox/TempFile.class.php">4963ac0bbb29de7e74d4a61aee17647358f1d11c</checksum>
	<checksum file="classes/toolbox/Registry.class.php">c0ee1ee713c96187f53f26ff228ded4d9fd8cbaf</checksum>
	<checksum file="classes/toolbox/Environment.class.php">7dfcd0f2979ddd8f4b713b3581ff2c997eec001c</checksum>
	<checksum file="classes/toolbox/CookieCart.class.php">21d1603bfed0db8be3fce62157feeb6150de6d70</checksum>
	<checksum file="classes/toolbox/Filelink.class.php">58bff0e47f6bcdd42a839184b4496bf1b1785df9</checksum>
	<checksum file="classes/toolbox/UtilGUI.class.php">83a981a3506aa2a49b777bcbd0658f89c6e790d1</checksum>
	<checksum file="classes/toolbox/Factory.class.php">5bb14316b8ee7972beeb249cd6458a5cefaf31fd</checksum>
	<checksum file="classes/toolbox/LoginData.class.php">70a4d13ef0b1b593a9d6792e03aefcd9238c471d</checksum>
	<checksum file="classes/toolbox/BPS.class.php">81787957504d0d6263e6ea81bcfd431193063e81</checksum>
	<checksum file="classes/toolbox/TempFileGUI.class.php">8f79b83e177eef4681db844ddaf1afe7578d0f70</checksum>
	<checksum file="classes/toolbox/ISO4217.class.php">7df7e8821b97799ffb8e654a55d82e8b402b0036</checksum>
	<checksum file="classes/toolbox/VersionCheck.class.php">d4498d0e85f0a777fb650561741c5d3f75de8479</checksum>
	<checksum file="classes/toolbox/ArrayCollection.class.php">8cf1b53854c906ed7c2b87dbc49ec7ced2a009c3</checksum>
	<checksum file="classes/toolbox/XMLC.class.php">7a1a8814bb7ec89eac8b2075f5baad6bcd8916e7</checksum>
	<checksum file="classes/toolbox/DynamicJSGUI.class.php">a470fd5853284aa35fc91b6227fb5f474bb23306</checksum>
	<checksum file="classes/toolbox/FileBrowserGUI.class.php">7b24052444fb6d39c4b11c7239b2416727f266e1</checksum>
	<checksum file="classes/toolbox/SystemCommand.class.php">585a116372fac682939a491dac90c378d034661b</checksum>
	<checksum file="classes/toolbox/Util.class.php">1952d12d04a0a9638f4cddc17489c8825270ba34</checksum>
	<checksum file="classes/toolbox/LinuxKeycodes.class.php">f597bffd316b9883a3cd64275dc55dec024975cf</checksum>
	<checksum file="classes/toolbox/EUCountries.class.php">e74e1e0aab48d3879ce6bf11e1204e30131d8f26</checksum>
	<checksum file="classes/toolbox/XML.class.php">b0ed3e4afed38815652e584ebd0ad49ee8accd4e</checksum>
	<checksum file="classes/toolbox/ISO639_1.class.php">06a3b6aa1c1379caddff9668c1a474dec507bf4a</checksum>
	<checksum file="classes/toolbox/Datum.class.php">804a8bd4cc0ee2fef8a46f846470481cec1bb688</checksum>
	<checksum file="classes/toolbox/DBImageGUI.class.php">0bc8fd30388d4967636308befca59c4cb3ea8abe</checksum>
	<checksum file="classes/backend/CorporateDesign.class.php">ad5290db85360fc4d5270eb493b837274134685c</checksum>
	<checksum file="classes/backend/FileStorage.class.php">ee0d175bd30c0033a45b53f7e9a36924fd4b59fc</checksum>
	<checksum file="classes/backend/PluginV2.class.php">90245ff5f7417361f5bc4a609f18326370f78002</checksum>
	<checksum file="classes/backend/LDAPStorage.class.php">6e610203aec95dc69dea5fb1a3752446237e5905</checksum>
	<checksum file="classes/backend/XMLPlugin.class.php">910e8e9f79016d60b193bc566bd277a5076752cb</checksum>
	<checksum file="classes/backend/Services.class.php">39ab1040dd5587f5b219b51d7f07edc3df9ab3a7</checksum>
	<checksum file="classes/backend/File.class.php">a4c2d7e65f2d7007f4456edfbff52d838aff7061</checksum>
	<checksum file="classes/backend/SOAP.class.php">16a70e03dd736db7a928e8a29cadf4fe53289680</checksum>
	<checksum file="classes/backend/DBStorage.class.php">c21df521e6cfd8996c44a0ea338bf61cdbeaadee</checksum>
	<checksum file="classes/backend/propertyC.class.php">909d3736ffe7cdd1ef5a34447926d4b09c56470a</checksum>
	<checksum file="classes/backend/Attributes.class.php">dd3121a19e7ad8c39d58fadae823e8def64bfcbb</checksum>
	<checksum file="classes/backend/SpeedCache.class.php">e53023a0184115e3b762a164f54041173eb9ea67</checksum>
	<checksum file="classes/backend/Collection.class.php">b33c05a2f402102f6e9ad8cecce0f7161ea07e5c</checksum>
	<checksum file="classes/backend/PersistentObject.class.php">cfec8b1845ae0844c5663da3814e4f8ee3743749</checksum>
	<checksum file="classes/backend/Phynx.class.php">6fa24efff1b29af8f3c5e788667977db97bb2ceb</checksum>
	<checksum file="classes/backend/User.class.php">9c76f5ca5aab731ca04b3eb5464d7801d9a669e6</checksum>
	<checksum file="classes/backend/UDStorage.class.php">a4d5481f7e1bcf90a93869e46f83d65aa6b0d492</checksum>
	<checksum file="classes/backend/pfDBStorage.class.php">aa945a4e2ce3ea5e19723f84fbf3e46c1b21e849</checksum>
	<checksum file="classes/backend/UDAttributes.class.php">065b77ef226367b94bf39b456f19db6c728a2b5d</checksum>
	<checksum file="classes/backend/Adapter.class.php">8b46321e3d2375cc61df74307561c293b53f9962</checksum>
	<checksum file="classes/backend/SelectStatement.class.php">05fa597dfe1ecb9829a7714d02004c3aaa67a56c</checksum>
	<checksum file="classes/backend/Session.class.php">ad5e6b55274b0d85f9b65d43cc4875f9ff67f101</checksum>
	<checksum file="classes/backend/BackgroundPluginState.class.php">395e6d9a4ed564aeabeedffe53af00484220660d</checksum>
	<checksum file="classes/backend/propertyObject.class.php">8e10314a48e7296442d024d0375ac79c84bcfacc</checksum>
	<checksum file="classes/backend/UnpersistentClass.class.php">03f90bf5ff36bc0a30a204f38b08cc7ae63fdfbd</checksum>
	<checksum file="classes/backend/DBStorageU.class.php">846e33719577521ba29770ad0b1b86e86660c866</checksum>
	<checksum file="classes/backend/MSSQLStorage.class.php">93abda402ea3dd25f772b255fc05ff2cd5915c52</checksum>
	<checksum file="classes/backend/anyC.class.php">dbca6b294268d2185030719c23e10295140e3320</checksum>
	<checksum file="classes/backend/SQLiteStorage.class.php">b7142f26505afd4776b8b96e9695a3887d7d6fb0</checksum>
	<checksum file="classes/interfaces/iCategoryFilter.class.php">467d8e76b78f68eef167ffcb105beb763189d23f</checksum>
	<checksum file="classes/interfaces/iXMLExport.class.php">6ea24ba0f62d6e4d80b00b463fbe63a6cfc6930b</checksum>
	<checksum file="classes/interfaces/icontextMenu.class.php">caa7c0e5d03929f3c67e90096b6f08deadf4b0b1</checksum>
	<checksum file="classes/interfaces/iDesktopLink.class.php">3bedac6248249eeb5ff58acd77b18a93b405e7fd</checksum>
	<checksum file="classes/interfaces/iLDAPExport.class.php">507cfac0d0cb7df2a38a8a9fedcae50df84a7dfa</checksum>
	<checksum file="classes/interfaces/iRepeatable.class.php">970eed804daab706b13a469f3ecaa656fec0708b</checksum>
	<checksum file="classes/interfaces/iTranslation.class.php">099f05527d62eaa121dbade8a6450fc7fee868a8</checksum>
	<checksum file="classes/interfaces/iSearchFilter.class.php">2d8a91f1e705de70800a08024f954cb31fef7afe</checksum>
	<checksum file="classes/interfaces/iPluginSpecificRestrictions.class.php">1abb3f123fafa7c9a4d1ffe5b19a03ad33f54220</checksum>
	<checksum file="classes/interfaces/iUnifiedTable.class.php">db0fca4bb6a212f23690c71077b9d37e131d79a1</checksum>
	<checksum file="classes/interfaces/iGUIHTML2.class.php">62f148f15f7991b44b28e8be318aedc50b08e9dc</checksum>
	<checksum file="classes/interfaces/iReNr.class.php">991a83d8deb75ce68dcb44217d8c8e0c8490e27e</checksum>
	<checksum file="classes/interfaces/iFileBrowser.class.php">d578aa9fea47d6fe16df0dab23270b47e964829b</checksum>
	<checksum file="classes/interfaces/iScrollable.class.php">3295fb845b5863be271a50df05e9e6b0ed063b47</checksum>
	<checksum file="classes/interfaces/iGUIHTMLMP2.class.php">32e962be1407c14db06ec55437ee6ed13afc985c</checksum>
	<checksum file="classes/interfaces/iOrderByField.class.php">3f4155b2d6e2c407cdf1065a3d449d1191bbe04c</checksum>
	<checksum file="classes/interfaces/iNewWithValues.class.php">f1c719210123ae11a737146c0277cc53ec218c8e</checksum>
	<checksum file="classes/interfaces/iDeletable2.class.php">b528a68fc105c08cf37fe97de156ea35bddc19be</checksum>
	<checksum file="classes/interfaces/iCloneable.class.php">0ffe3e2823490e77f74ee4afa866c9859dffeae3</checksum>
	<checksum file="classes/interfaces/iDeletable.class.php">b137d52c1dff23095fa0264878f60d32e19f0ba0</checksum>
	<checksum file="classes/interfaces/iCustomSettings.class.php">d023154d31785f93cc205a80a804009fda09a2f3</checksum>
	<checksum file="classes/interfaces/iCategorizer.class.php">d896aec8f9a56fbc2f5102eb135baea5ac26f5c5</checksum>
	<checksum file="classes/interfaces/iAutoCompleteHTML.class.php">c57f032f6120b94a5df5fc185322f0b03500d3fd</checksum>
	<checksum file="classes/interfaces/iPluginV2.class.php">eb93f456cbad4551e5cba9e571eff9e02275bd4a</checksum>
	<checksum file="classes/interfaces/iCorporateDesign.class.php">08e673a4611fc4cb84380bc1ffc701760e40256d</checksum>
	<checksum file="classes/frontend/T.class.php">36318b04044d32f57222028961a6126be33eac59</checksum>
	<checksum file="classes/frontend/HTML_de_DE.class.php">1248c8bab116541d562b619b0e4d4591a337d5e6</checksum>
	<checksum file="classes/frontend/MenuGUI.class.php">ea4bdcb04f432836cc0dc17d42cd517954a2153d</checksum>
	<checksum file="classes/frontend/mGenericGUI.class.php">2426c320542ff39d1693d7781df48fc04b6ccea1</checksum>
	<checksum file="classes/frontend/GUIFactory.class.php">21e2cb3cba1626d89b0b1d83599844b490ecc581</checksum>
	<checksum file="classes/frontend/Red.class.php">d096aef982d8d9433cd5bf3d63319248b8d93153</checksum>
	<checksum file="classes/frontend/UsersGUI.class.php">91879895c1a4c34a72199d8f39b46e128e570400</checksum>
	<checksum file="classes/frontend/HTMLFormCheckList.class.php">5f731e4a7488abc592d200250f16afa49155fec8</checksum>
	<checksum file="classes/frontend/Applications.class.php">245120cb0cba1dc0dba14e1871fb368d1857ff5d</checksum>
	<checksum file="classes/frontend/HTMLList.class.php">d7045f577a3106477b8158cac1832ec7c36e2b8e</checksum>
	<checksum file="classes/frontend/CreditsGUI.class.php">19ccd6ba486491f01d6639f4a82c950450bd2620</checksum>
	<checksum file="classes/frontend/ColorsGUI.class.php">d44dda44135715161d981f4a708c8e39fd19a829</checksum>
	<checksum file="classes/frontend/AppPlugins.class.php">d117d74df9a2a3772c76dbf947f784a9dbd98650</checksum>
	<checksum file="classes/frontend/SpellbookGUI.class.php">9adea0aa5126286d1a71089709d0a579cc28c402</checksum>
	<checksum file="classes/frontend/CRMHTMLGUI.class.php">65771f799455b238d1f2364ddf4d374fd7982dfa</checksum>
	<checksum file="classes/frontend/BackupManagerGUI.class.php">ba52be5645a2aaec8af598a0db621054f57b068b</checksum>
	<checksum file="classes/frontend/JSLoaderGUI.class.php">d914f1c4f583ab91539b0ebe147ceb9741c92f21</checksum>
	<checksum file="classes/frontend/HTMLSideTable.class.php">90c2e9ccfac282abc802413c33f5b1b8d04c1115</checksum>
	<checksum file="classes/frontend/ExtConn.class.php">5b4fe27c135ee4b5d317f54057addb82b71f233b</checksum>
	<checksum file="classes/frontend/OnEvent.class.php">6970b924b31f8c9e2e0b46e7f60566cfb4ca4e68</checksum>
	<checksum file="classes/frontend/HTMLColGUI.class.php">87cfcf089e329de6c443a51a34366c0baca45cdd</checksum>
	<checksum file="classes/frontend/nicEditGUI.class.php">bd3694e32b1ac68bb86f1e92afc2f56ed0687f98</checksum>
	<checksum file="classes/frontend/HTMLForm.class.php">51f03f07c6636921a9ecb9cf07828d06527f1d72</checksum>
	<checksum file="classes/frontend/HTMLGUI2.class.php">f0126e31b929053c8fc58cd130f6288eaeb192c3</checksum>
	<checksum file="classes/frontend/Users.class.php">ab89112e96f021d6bbae83e025dd1c24bedea2c2</checksum>
	<checksum file="classes/frontend/DesktopGUI.class.php">ff35cb1df84800215eec8ff5b1782cbc626d562a</checksum>
	<checksum file="classes/frontend/HTML_en_US.class.php">185f4e2864d928dbdb76a18faa65f7c48d65b737</checksum>
	<checksum file="classes/frontend/HTMLInput.class.php">afdbbe7a4d42b295fa9e4e4e956647e701253fbe</checksum>
	<checksum file="classes/frontend/GUITabFactory.class.php">55ebc679371e76b19ddc3f549946fde00385610a</checksum>
	<checksum file="classes/frontend/LoginDataGUI.class.php">ad71426ad5b2af015a9808e8def3f787dafe1f97</checksum>
	<checksum file="classes/frontend/UnifiedTable.class.php">514e579b653b8d52c55e0a5a18e4878a91f62c7e</checksum>
	<checksum file="classes/frontend/HTMLTable.class.php">69b8f5fddf61895d980c198697b96e7f601de463</checksum>
	<checksum file="classes/frontend/HTMLGUIX.class.php">4499bea2a81e0b2c572c004bdf7b9afbabc93abe</checksum>
	<checksum file="classes/frontend/HTMLGUI.class.php">e5b0a3194fd447de092cbe5ac868dde1d07231c1</checksum>
	<checksum file="classes/frontend/GUIFactoryGUI.class.php">a827a60d921aafa3ba33e00bb663735525664560</checksum>
	<checksum file="classes/frontend/DesktopLinkGUI.class.php">96036b541a3a3163d6830dd65889d45c53107fe2</checksum>
	<checksum file="classes/frontend/JSLoader.class.php">3c5089a7d242f35320f3c60e5ee28ac22c6ae684</checksum>
	<checksum file="classes/frontend/ADesktopGUI.class.php">9b6a5b23b8805c0fdd3b8c67613ea09978796a41</checksum>
	<checksum file="index.php">06b3bfefc3be001ac32e40090017ed0200608020</checksum>
	<checksum file="plugins/AutoLogin/plugin.xml">7f57f2f4c1501eafe67e5c90697aa4915db19b80</checksum>
	<checksum file="plugins/AutoLogin/mAutoLoginGUI.class.php">3d57d222d5df0839f91e9bd7ce3cd0fe45d59fee</checksum>
	<checksum file="plugins/AutoLogin/AutoLoginGUI.class.php">cbc919141785467d04c23edb9972a4afa4209aed</checksum>
	<checksum file="plugins/AutoLogin/mAutoLogin.class.php">15623df1e09cad164bba48d5ea34b9635b5aaa6d</checksum>
	<checksum file="plugins/AutoLogin/AutoLogin.class.php">8b2ed35b7dc372ac130ec462ac15916d4ff40916</checksum>
	<checksum file="plugins/AutoLogin/tm.png">30e2b2dab0e6e6827773051c522ba2d3d78c6108</checksum>
	<checksum file="plugins/AutoLogin/CI.pfdb.php">8a19207d59e6e529c82cc98cc2205d3ccfa0b6cf</checksum>
	<checksum file="plugins/Devices/plugin.xml">96d1164d7d333f4567030c0ba84caa2998f81f41</checksum>
	<checksum file="plugins/Devices/Device.class.php">5280208e6667d10ee1821ee9777cce97bdf7903e</checksum>
	<checksum file="plugins/Devices/registerDevice.png">decdd87e4869bbeae3169808f3f07b3d87924a0a</checksum>
	<checksum file="plugins/Devices/DeviceGUI.class.php">e33e86a908e711a181f40292a4afc63f0ac6cfd0</checksum>
	<checksum file="plugins/Devices/Device.png">9cb1a500d69cc60683f152ee3593fca071046b1c</checksum>
	<checksum file="plugins/Devices/mDeviceGUI.class.php">ee5f7f6be1c4785fdbca905e6f73ee5212aaa9a7</checksum>
	<checksum file="plugins/Devices/CI.pfdb.php">6a06770f132232df649effec67475348ab63a29c</checksum>
	<checksum file="plugins/Userdata/plugin.xml">48ae3becef70851919a5ae53b2a98ec00096c52d</checksum>
	<checksum file="plugins/Userdata/Userdata.js">1bc9a23e7f571cea3f9c9cea57ed78c8fdafecaa</checksum>
	<checksum file="plugins/Userdata/UserdataGUI.class.php">3ff80650cd58bd57754b9b607bf63479647ed68d</checksum>
	<checksum file="plugins/Userdata/mUserdataGUI.class.php">23a70c759082046d1d7dde15fdd836dd61c09984</checksum>
	<checksum file="plugins/Userdata/Userdata.class.php">e016fe67ac26b2e5514f8af7a00d9e97323508f1</checksum>
	<checksum file="plugins/Userdata/Userdata_en_US.class.php">ea28c7d0c51323e4ea5798e1a7e1bb4c571a0df3</checksum>
	<checksum file="plugins/Userdata/mUserdata.class.php">482cf04ed180e3c54c83704888962f2fcfbb5000</checksum>
	<checksum file="plugins/Userdata/CI.pfdb.php">9629ca456feed682c607e816139f3c714f6003a9</checksum>
	<checksum file="plugins/Users/plugin.xml">5b1fd61766ba6b8054bad179ab10f83e4525c8de</checksum>
	<checksum file="plugins/Users/User_en_US.class.php">76a35e860a9d2cd2ba1178d573637e66c7c7022a</checksum>
	<checksum file="plugins/Users/certificateLogin.png">522d0b27689ff9fed23c12f32b1e72d606cfd6bf</checksum>
	<checksum file="plugins/Users/User_de_DE.class.php">a1b56e4ad6d20441cebd2ee7b6815fdbe63b2109</checksum>
	<checksum file="plugins/Users/UserGUI.class.php">2bf15932a307d1da3ef086f54b5a8a50ba2eaca5</checksum>
	<checksum file="plugins/Users/CI.pfdb.php">328240f05a308803b11379fe2d7312d41b034120</checksum>
	<checksum file="plugins/Installation/plugin.xml">fb0696af336445f23a1a88f27d09c9c46a4670e5</checksum>
	<checksum file="plugins/Installation/abmelden.png">e827298e5ae1aa9bf9ac61e2e78d48088b5fdf01</checksum>
	<checksum file="plugins/Installation/mInstallation.class.php">3df01189aa803303c177478114ae8f59c21aef6d</checksum>
	<checksum file="plugins/Installation/Installation.js">6f78c22a2115855eebcaf70f443a6f41de926a2a</checksum>
	<checksum file="plugins/Installation/benutzer.png">c8e6b8606e097082e5d8cddbe83d0d72a6d80d84</checksum>
	<checksum file="plugins/Installation/setup.png">dcf1576a5ec83a2beb467110dfd8a1e88fa7ec92</checksum>
	<checksum file="plugins/Installation/bigLoader.png">e94d886a68a8a33c1e4a44425eb898a5bf88deb7</checksum>
	<checksum file="plugins/Installation/mInstallationGUI.class.php">cb3fecfa09c7750218a072ddc9821f506abe7a5f</checksum>
	<checksum file="plugins/Installation/aktualisieren.png">ba56bbe3aea4ad835c2d5c540894d9944ecf2796</checksum>
	<checksum file="plugins/Installation/cronjob.php">fef817c756e383d42077373a5485657068b3f91d</checksum>
	<checksum file="plugins/Installation/Installation.class.php">cb5c7382f7fce0d87b53b750faa26291a0c38ede</checksum>
	<checksum file="plugins/Installation/InstallationGUI.class.php">1d0f2b14e83f1cb9f86ed2d725b19bf9ea41f6d5</checksum>
	<checksum file="plugins/Installation/serverMail.png">c04d4ba37de83ea1dbc9cb61e608e95c015d33c8</checksum>
	<checksum file="plugins/Installation/changedb.png">07ddfdf91852368436f754b2e4a3148f4a398d63</checksum>
	<checksum file="plugins/Installation/recheck.png">a551dc898a413141130d44585206614e93552725</checksum>
	<checksum file="plugins/Installation/restore.png">71082412cd4e34d290aef2a9b1dd3d1c8a4ac347</checksum>
	<checksum file="plugins/Installation/Installation_en_US.class.php">82b4fe4b40bd50bb60515972fd2a177d422dbaa6</checksum>
	<checksum file="plugins/Installation/CI.class.php">c964b90d4dd07461d9603c9928a96a691b886589</checksum>
	<checksum file="plugins/Installation/CIs.class.php">dabc4fb480c53556066909b606e5712bba603cd7</checksum>
	<checksum file="applications/fheMEApplication.class.php">e5eba7b157a79445cae15c97d9b7272d9a69144c</checksum>
	<checksum file="images/openBRTLogo.png">e095faf126777d2aa3fa1d7005499f41aaa4fafa</checksum>
	<checksum file="images/i2/telephone.png">d17b5ef0662bc31fb2213eaf9e4b4242c5cb21b5</checksum>
	<checksum file="images/i2/link.png">f0e95a2b6b526c936276a1dc3cd27d0a0982de72</checksum>
	<checksum file="images/i2/okCatch.png">860c95933aab4b9e78ed650bdb2092cd2207c3b3</checksum>
	<checksum file="images/i2/mail.png">9e650f6dba2b1dca2f65856a6d57ace19369a77a</checksum>
	<checksum file="images/i2/settings.png">7ad6326ec9b0d6e7348d361dbde29b7b90a04efb</checksum>
	<checksum file="images/i2/calc.png">16e73ea55d4da4fc35ec1b480e79286586b4ac4e</checksum>
	<checksum file="images/i2/kundenpreis.png">cf75bdb4a1580ed18c0920e1ea092896585ae8b9</checksum>
	<checksum file="images/i2/refresh.png">9f9d82ae29055c9f49c38b5f9cd821e3bf02e37f</checksum>
	<checksum file="images/i2/tabMinimize.png">d35f836f4b0e11a7ca1afd9b9cb211c3c163ea90</checksum>
	<checksum file="images/i2/pdf.gif">5c86ce170a4b5a390f7991eec90ccc90e91815c6</checksum>
	<checksum file="images/i2/mobile.png">4a8e9ed27e53ab5f26198b77fca05e8fb3ac78dc</checksum>
	<checksum file="images/i2/printer.png">e67a2dae8fcafe6f0de69555dc101c33871edea4</checksum>
	<checksum file="images/i2/save.gif">8e39ae103749d29411e4246d27cc7626fbda2198</checksum>
	<checksum file="images/i2/new.gif">0970deb4e05d83f378591babad2e5be0f32020ec</checksum>
	<checksum file="images/i2/stop.png">cf20522b1ea027321aa3b38b1b7f8d06a225e878</checksum>
	<checksum file="images/i2/rss.gif">9de457cc9b482152c01388946260ba4b2bb0f01c</checksum>
	<checksum file="images/i2/fax.png">b5e7917f74bbd429059e155d7dc35e02ae96be34</checksum>
	<checksum file="images/i2/ok.gif">6e7473060b26bcadb723c524a0d90992ba82abf8</checksum>
	<checksum file="images/i2/moveLeftRight.png">4e68c43492c553f3e427ebc20b5d19bddbfbbf56</checksum>
	<checksum file="images/i2/list.gif">3c92db8cf8e3e97565ff086b15f94ceed610a7e8</checksum>
	<checksum file="images/i2/flowers.gif">50b2349664407854477293c87d2215b19e01c51d</checksum>
	<checksum file="images/i2/topdown.png">52d288194df564875a6a908248602ff6af51403b</checksum>
	<checksum file="images/i2/logout.png">f842a88ed1875b68f73e5ab39730834a51bddd79</checksum>
	<checksum file="images/i2/add.png">8d6949b8b2fd626d7c2426a3e4b0db3ca45af06d</checksum>
	<checksum file="images/i2/restriction.png">ca49bb716f99656e0574803153be0418e89bc4d7</checksum>
	<checksum file="images/i2/provision.png">51b5dc9cb5f3dfca6a5f3b025342d148009b8afe</checksum>
	<checksum file="images/i2/hilfe.png">43bbc3d387a8b82e539c9a05ac38d5c2948f7632</checksum>
	<checksum file="images/i2/stats.png">74ffa92adebec62a1eed376219ec52df4419c6ef</checksum>
	<checksum file="images/i2/export.png">75d1b582e58d2b5170e5995dd67da1cfe02b889d</checksum>
	<checksum file="images/i2/searchFilter.png">c76ff9030278d5f7c71b7d30500792e9c9e7150e</checksum>
	<checksum file="images/i2/go-up.png">fa42c022dc0b92eb513a2c403b5a9989ff1a65bb</checksum>
	<checksum file="images/i2/neu.gif">27770719db1297b36efbbf930367ce76fcef77ff</checksum>
	<checksum file="images/i2/sprache.png">b69949c928c43b4d80f7a15c386a13637bf655fe</checksum>
	<checksum file="images/i2/calendar.gif">b0201ddeab9071591e65a1ea092b07851296f3cc</checksum>
	<checksum file="images/i2/print.gif">76d5994ff00061c6da3f85c0764918606f66b288</checksum>
	<checksum file="images/i2/printerO.png">8c274ab81f1288fb64a651faa5d8fe8a9a3ebff0</checksum>
	<checksum file="images/i2/kunde.png">e6ce170e8e0ff75077f5a15579e0fd7466b60824</checksum>
	<checksum file="images/i2/personal.png">7eae228784c49c6a22e720f7bb7f22df1a7d83c5</checksum>
	<checksum file="images/i2/folder.png">dfd836edb59702a62475b8eddd72784df9debb0d</checksum>
	<checksum file="images/i2/details.png">733a12c5af15a94b71f34bf8860138411ab81488</checksum>
	<checksum file="images/i2/colorSmall.png">7d145a11ba45447c4d759a5da1cc8eb3a4660958</checksum>
	<checksum file="images/i2/bestaetigung.png">e5dc240526a2908bf6cbbffb6fcb765f9302322f</checksum>
	<checksum file="images/i2/edit.png">786fd214a7bdb174d80077c6f18a86246a8d3ec4</checksum>
	<checksum file="images/i2/printerK.png">4522aa9e1569c2140ec750f812d155074ef5976c</checksum>
	<checksum file="images/i2/empty.png">088f5460215410b3cb8bacda846159f92d298043</checksum>
	<checksum file="images/i2/lieferschein.png">6b58480f3b3b8e6a310b0da00fa604f58560b70a</checksum>
	<checksum file="images/i2/tab.png">dd3505c1bd5e58fa0e3457afffce7d68fabe662a</checksum>
	<checksum file="images/i2/insert.png">a8de597168ca2d9ccac6bd0394b8cf2bf41dae29</checksum>
	<checksum file="images/i2/go-down.png">ff24eb7b600a4d7e5187c7882206a9e2923385e6</checksum>
	<checksum file="images/i2/event_birthday_gray.gif">d65b5e11acbd600430d916a5a626f7a3b0b67779</checksum>
	<checksum file="images/i2/notok.gif">b8670829a84fe7169b47da342a4c096f537e30f3</checksum>
	<checksum file="images/i2/email.png">cb343ee5a09b8fbb4ace962e9f0bc31c2e98250e</checksum>
	<checksum file="images/i2/clear.png">d1cd8ae8601d98c6f643f54a987a555890733d92</checksum>
	<checksum file="images/i2/search.png">4c526b7af1d71eb1d6507e9c68b3514a50c59ed3</checksum>
	<checksum file="images/i2/delete.gif">7d07b389e081d134c07c2c65d9640b182515dcc2</checksum>
	<checksum file="images/i2/printeds.png">dad83cac9a368ea9e2a00fbdac1dce8990fffa8f</checksum>
	<checksum file="images/i2/birthday.gif">efbcdc095232b5636cdaed15f7272a8a3ed2df3d</checksum>
	<checksum file="images/i2/redo.png">6128921c743a9959baa2591dd9b29e9d22ed8194</checksum>
	<checksum file="images/i2/book.gif">e109a8657cb1930e21b560f2f719d1820c226a37</checksum>
	<checksum file="images/i2/copy.png">d965d1891007ea9a6b23cc9fc2f658525ad4719b</checksum>
	<checksum file="images/i2/mailed.png">c745fe68946ac6a64c85463aefad99e2754aa892</checksum>
	<checksum file="images/i2/neverok.gif">ba15f8008e6b1ef6e232a79909637b30d5a0b331</checksum>
	<checksum file="images/i2/keys.png">d015e6463328452211eba3be1e553eb90d1ad48c</checksum>
	<checksum file="images/i2/relabel.png">d83144c06b42a13fd83ddca8d25942b4a9efa128</checksum>
	<checksum file="images/i2/cart.png">1ad664c106b9a63d1cb88b5f54f8e641e6ff7c34</checksum>
	<checksum file="images/i2/bericht.png">726e469081a2a753fd0964e4fa5d622bb6de4a6e</checksum>
	<checksum file="images/i2/event_birthday.gif">efbcdc095232b5636cdaed15f7272a8a3ed2df3d</checksum>
	<checksum file="images/i2/find.gif">396b70e3dac5ea183da6f2420d29a2fc1dfad3ba</checksum>
	<checksum file="images/i2/note.png">edaae331d968ea9404b3b134d31f5591721b3bd3</checksum>
	<checksum file="images/IPKarteiLogo.png">311b0c436a342560a1d3793b0c8b6c243652da30</checksum>
	<checksum file="images/loading.png">29389ba4c323c1364367ce744177dfb21efbae9e</checksum>
	<checksum file="images/phynxLogo.png">27d1ca66dc57e135737f6bcc59b395a2ca8fe6f8</checksum>
	<checksum file="images/loading128.png">9827806f6015c278226f3f5885b2d35e6e40a4dd</checksum>
	<checksum file="images/openGWLogo.png">b89df8ebd63d7565f92e4ccd7ae4b8a64bb93723</checksum>
	<checksum file="images/selectedIcon.png">763fd7b009c81065fa6fec926ce589be4c177c95</checksum>
	<checksum file="images/open3ALogo.png">c520b64d1da47be2cdbcf60f7b91e1e3d5d5265b</checksum>
	<checksum file="images/big/sad.png">f2b592bc9b2538ffd993cd939364d47943bf8ba1</checksum>
	<checksum file="images/big/auftrag.png">0e05b25d051916ce2901d57a3ffc72a91cee7b98</checksum>
	<checksum file="images/big/belege.png">1d601cdcb4b72508da17186d8279df9e06907179</checksum>
	<checksum file="images/big/adresse.png">8f811302eb44c567ec4437ef95e92feb5832ce92</checksum>
	<checksum file="images/big/newsletter.png">d20b7d829438f1ad80887fb3a833a97e1d029ea3</checksum>
	<checksum file="images/big/notice.png">28d0384b995e867a6cc4cf02d6aed6839002936a</checksum>
	<checksum file="images/big/personal.png">3aa49169cd11813228818e1d6219211fc480d229</checksum>
	<checksum file="images/big/internet.png">754d9beeacd6b63b90bf60493ff9e46a6e67d9b8</checksum>
	<checksum file="images/big/help.png">566856692ce3908ac15c8482ecf11349ce9fda95</checksum>
	<checksum file="images/big/thanks.png">c6ef5ae53add25c95b54c474a6753ef2909ef835</checksum>
	<checksum file="images/big/artikel.png">2d1279da96d1db8f1f807f8e4c6ba0fc57447f5d</checksum>
	<checksum file="images/big/warnung.png">0df90f1234c3345c8665ebd2ccd4d77ee27b03ea</checksum>
	<checksum file="images/big/supportedby.png">8f8333b63a86a1eb33cb4d614cc36d63aabe434e</checksum>
	<checksum file="images/background/Standard.png">b57e9a4062927a1285683d3396f7f826f7e151da</checksum>
	<checksum file="images/open3ALogoBlue.png">0a7cb2229c087a1a50af0237f4573f13b1411912</checksum>
	<checksum file="images/navbg.png">e2bc922f9d3c589df426cd7dd6da388388dda085</checksum>
	<checksum file="images/navi/document.png">a5ed695b4fb605c5d97c15adde8e6f7af339261e</checksum>
	<checksum file="images/navi/okCatch.png">ea2f89ea7bff52016849a8fc38f8225cdd487a58</checksum>
	<checksum file="images/navi/mail.png">bf01b82b0a817d2ff0339765fc61bda3436d5914</checksum>
	<checksum file="images/navi/back.png">85de1a88ebc1073e0a2d0f665a20ee1b4f7c0f8a</checksum>
	<checksum file="images/navi/home.png">f844b69c8b4ab89ccadde4582972862054ccd457</checksum>
	<checksum file="images/navi/office.png">6ae8324504e30193695dd0d8fb14f55dd333376f</checksum>
	<checksum file="images/navi/refresh.png">47e38d576c8864617ff9aa901eaf1a95fa7cd5a1</checksum>
	<checksum file="images/navi/package.png">41381c5ff98702520f75e342d99fb11fb48e1a3b</checksum>
	<checksum file="images/navi/down.png">d97a60a585980c1cf04f9e22798877ae2c4c22bb</checksum>
	<checksum file="images/navi/application.png">5d1a1fdf69fb12d9e6e80cc2bcba2f86cc91c9a6</checksum>
	<checksum file="images/navi/tea.png">92e7d6d2668acacda9bc967c55cd726ca36b8737</checksum>
	<checksum file="images/navi/text.png">b4ee83fc6d92f6107cbc3983a8c3f3f8cbb2e149</checksum>
	<checksum file="images/navi/printer.png">71c7b55c8ed7ecc23b541aeacd7c9de799bee622</checksum>
	<checksum file="images/navi/save.png">bfa6cf516a8d3b9855965486af5b6c146a2c8c6c</checksum>
	<checksum file="images/navi/kalkulation.png">24e1d4465e7337a77bf04b97a7b1251bc39972d7</checksum>
	<checksum file="images/navi/manager.png">13b93f4d7ed0ad6699af55f1e1616ac314a3c267</checksum>
	<checksum file="images/navi/editor.png">25c454a6c3c51ec43e4df88bcb94ce6cb2c03c6f</checksum>
	<checksum file="images/navi/kunden.png">688271360ccbfbb9805b0be36ba7e9c76001b598</checksum>
	<checksum file="images/navi/domain.png">88a1e5682d8d062437f4e16b7ea7b6236e3f61ef</checksum>
	<checksum file="images/navi/anfrage.png">036d6fd58145d964b02f683e03fb74edc047d07a</checksum>
	<checksum file="images/navi/deployment.png">fb0ffa92165af902446fa60c44d5daf8380a5280</checksum>
	<checksum file="images/navi/etiketten.png">423a0d8e82e75de3b2800a22dc7b0027d62cbf61</checksum>
	<checksum file="images/navi/newWindow.png">50818d4764d232758e041e481bd1c82193719b8c</checksum>
	<checksum file="images/navi/gutschrift.png">8a7256d8c1318c7af81e1a11ecc976f6810f30ee</checksum>
	<checksum file="images/navi/index.png">cd02603d181f3ce29c3460ed98fe3e1573eda446</checksum>
	<checksum file="images/navi/stop.png">8e6a8743156e3a42ea2a5682220563e39d45ec57</checksum>
	<checksum file="images/navi/dashboard.png">e947a4548a4e1cd74cacd9e14c58221619178719</checksum>
	<checksum file="images/navi/editb.png">7743c036a7b1b207cf195d576366fbc7934b884a</checksum>
	<checksum file="images/navi/mahnung.png">1651fd467229f47a58b44a9c7d844fed2a29e66f</checksum>
	<checksum file="images/navi/1xAddress.png">fa5c205cb62bc412e17ab232b4be4b2d454b121c</checksum>
	<checksum file="images/navi/uebersicht.png">e5291f17624e9e3e5d27b833729b1f5f47a6e636</checksum>
	<checksum file="images/navi/seiten.png">b09ae6af36885a02e6316b95895c53cf7f5baee2</checksum>
	<checksum file="images/navi/provision.png">256d41aa18c81a573bad70227a9f1565bf0cb63a</checksum>
	<checksum file="images/navi/hilfe.png">6d855dcf8d049bd0da428d0e22fd4b6cb3914321</checksum>
	<checksum file="images/navi/stats.png">e75629806afdb979740bef2c7fa8ba41864c0bb6</checksum>
	<checksum file="images/navi/rechnungNew.png">6b42a697951aa831e3cfc68f7b9df5b6c80914e7</checksum>
	<checksum file="images/navi/script.png">efba1131ef1b09fe7d3ab543ca9b5826c6f6192a</checksum>
	<checksum file="images/navi/notice.png">335612baf98832a9e3a59c679d51ac88cfa8baae</checksum>
	<checksum file="images/navi/export.png">0d29e25ed9ce78dbcbc21f2ab18b723604a74889</checksum>
	<checksum file="images/navi/restrictions.png">a0136455db482e9e22e1a84bc8a087836c1a8c22</checksum>
	<checksum file="images/navi/warning.png">e6fe1a4f09a458b7837ca63717296c734d132756</checksum>
	<checksum file="images/navi/computer.png">4a3d18c6d76c1bcb6d810874a25befb4d1bead10</checksum>
	<checksum file="images/navi/sprache.png">d9bb671cad092bece9e8b6e869b3de8944e3862f</checksum>
	<checksum file="images/navi/plugins.png">bd68581bc9c5bc052491b8d05e18b00499f3b1d4</checksum>
	<checksum file="images/navi/template.png">7eef94bf78c553437ab72cd146e3c42ed03740f9</checksum>
	<checksum file="images/navi/calendar.png">408b8535237fa7ce6fb78ed45544c0f7c207914f</checksum>
	<checksum file="images/navi/printed.png">89e586566b57ebf981833a65305f5d66f3932196</checksum>
	<checksum file="images/navi/personal.png">8e561e297acacc200d41c51be5b7ca5d5a07f6c3</checksum>
	<checksum file="images/navi/lastschrift.png">aeb4902f3c6ef05069d2ad0f86265e4ef245afb5</checksum>
	<checksum file="images/navi/desktop.png">1de42ad318e112fddad3089a99039c9060bea855</checksum>
	<checksum file="images/navi/daytime.png">cc2f12ef7cd2c9318a350aad8c38ee17d05d9271</checksum>
	<checksum file="images/navi/bestaetigung.png">ef714c23ed809e2205fdb0f1bba403253294f166</checksum>
	<checksum file="images/navi/edit.png">5445af62f7b5044e79c50649d63b69d2383d0a2f</checksum>
	<checksum file="images/navi/disk.png">79ab5f63355de3f50a7f80ddbf7596179d18c069</checksum>
	<checksum file="images/navi/liste.png">fa37f08ea2750f145a29802a77f17e1655391c4e</checksum>
	<checksum file="images/navi/empty.png">0ddbbf575164785754a69b4faa23a9f335af7f90</checksum>
	<checksum file="images/navi/lieferschein.png">52dab6cae318a9e7eb6856484ec8fbe277e705d3</checksum>
	<checksum file="images/navi/tab.png">dd217ea0a47cc0afda1634a0057cd34752358a8d</checksum>
	<checksum file="images/navi/import.png">f82e89b1bf6cac42f6b5d2d62e8994362cebd5db</checksum>
	<checksum file="images/navi/angebot.png">f59a4533669bec388072a7b100723c597c57a58c</checksum>
	<checksum file="images/navi/up.png">3b724cbbbb07005e679df10a755149d0c5731bde</checksum>
	<checksum file="images/navi/subfromlist.png">034e94205623455f6624ea8cd298f79cf5e11a82</checksum>
	<checksum file="images/navi/users.png">8bce0a4eafc20741f3bc4aaaee061814d5e3a28f</checksum>
	<checksum file="images/navi/navigation.png">e3e3e9ba7078dab8111d36bf97f26a94b2b42991</checksum>
	<checksum file="images/navi/clear.png">f5f231a45f7b88e921e2027445bbfcb3ad0e5404</checksum>
	<checksum file="images/navi/drive.png">302810d8810a9016dd2da34cda4ea5e833a5d1a8</checksum>
	<checksum file="images/navi/redo.png">fabeba5d0f440782ae277fd5feb4f2501c6112e6</checksum>
	<checksum file="images/navi/address.png">013f8ed008f59bbc30addfa92dba7f30d4c0d10f</checksum>
	<checksum file="images/navi/downloads.png">c20760f9b3d2073cf9af50fcaeb76909954a1169</checksum>
	<checksum file="images/navi/new.png">5c583293789d6a951c16b62b9dd7bcdb79dba05f</checksum>
	<checksum file="images/navi/rechnung.png">8c72b809abe949ad33bd0f19fc7cf6a2ee9ff7d0</checksum>
	<checksum file="images/navi/mailed.png">d6d9e7f999a73047fdcc09e647c6193649ca6ae8</checksum>
	<checksum file="images/navi/trash.png">0a2da31912a1ffeaaf12f99caf94c8439eb6353b</checksum>
	<checksum file="images/navi/keys.png">64bdc6d01faea4f00279e35e760d817550b83e5e</checksum>
	<checksum file="images/navi/bestellung.png">0cb25e20d29f6e00149ef0631f039a9c2e5d43d6</checksum>
	<checksum file="images/navi/pdf.png">458d22c3556166f11e05d5277dd47e045376a9e0</checksum>
	<checksum file="images/navi/relabel.png">4e52032fce727152486932309b7032e6f13ad9a6</checksum>
	<checksum file="images/navi/svg.png">8172143133170c9308aeaeab1a7624d6c1bdda1f</checksum>
	<checksum file="images/navi/update.png">1d023ad852d036a254a0ac9f734c3300be9a4729</checksum>
	<checksum file="images/navi/backup.png">c65b6b28ae5a2b52070d796349150ca723a6df5e</checksum>
	<checksum file="images/navi/addtolist.png">246fb3409a0f9fef4bcdb016fe04810655235a97</checksum>
	<checksum file="images/navi/bericht.png">cd02603d181f3ce29c3460ed98fe3e1573eda446</checksum>
	<checksum file="images/navi/1xPosten.png">77d4d7870c8051fe7d7583b8b03199337cc3b6c8</checksum>
	<checksum file="images/navi/tracker.png">1c470ced39d82f2058dccce7e82a3806c3e3f511</checksum>
	<checksum file="images/navi/system.png">04a6d3057839fe069da4546317452accae6fedc4</checksum>
	<checksum file="images/html5.png">68b4be09f43a64b45b0a6e372eefcfe5bca237b1</checksum>
	<checksum file="images/lightCRMLogo.png">0a1a3007c6e4df9a40cd8bb9a04f0787854b6f87</checksum>
	<checksum file="images/persona.png">3644b3904ecceebd5bb63202a58c74087f9a21bd</checksum>
	<checksum file="images/FHSFavicon.ico">750ca2b7a794fdb1544e02324f7cf64106a10b96</checksum>
	<checksum file="images/multiCMSLogo.png">7226e2b59d331a2888ca5efaf66cc8082c52cb4d</checksum>
	<checksum file="styles/lightBlue/colors.css">e0c723c4c63e9104bd9c947332ea77abe3959b26</checksum>
	<checksum file="styles/yellow/colors.css">d9d7218dc59317b1100ad87c7299bc433a664fd6</checksum>
	<checksum file="styles/standard/navigation.css">3577418a612095ac2f74128c1ae2c2fdb0f45939</checksum>
	<checksum file="styles/standard/autoCompletion.css">fadbad8835d60da9512a2f879ebba496248bf727</checksum>
	<checksum file="styles/standard/iconic_stroke.ttf">1c9609b1856ad8cd8c5b21b49459a19dec2f226b</checksum>
	<checksum file="styles/standard/iconic_stroke.eot">32857c97d9845f2b75e5731051408ded32d1ebf6</checksum>
	<checksum file="styles/standard/general.css">99a97daa9f077d2f850e13acd86be4949b250b77</checksum>
	<checksum file="styles/standard/fixed.css">6f3aacaeaa9fee3348847db80a84d21eb2dcf742</checksum>
	<checksum file="styles/standard/phynxContextMenu.css">42a96cb3106a147bfc4c1c1ad078fe88715fa19a</checksum>
	<checksum file="styles/standard/desktop.css">d9be2875aaad1eee888619c002818e4ae7c2d1b1</checksum>
	<checksum file="styles/standard/vertical.css">83d0e19ed8886e5f6872e2a7c748aafa8ae91d4d</checksum>
	<checksum file="styles/standard/TextEditor.css">4cfefc1e3a3464939637a541c531ddefbfded46e</checksum>
	<checksum file="styles/standard/colors.css">f47757e028d2500217a0a706a34932ba9d0a40a1</checksum>
	<checksum file="styles/standard/overlayBox.css">7bda76d52de4f604d1736bdf008dccc292999b19</checksum>
	<checksum file="styles/standard/frames.css">99d07e39f0e7316129486068bc39c27a0bd21437</checksum>
	<checksum file="styles/grey/colors.css">fd6eeaad527e3a02eadee0bcd4e85092f88b0aff</checksum>
	<checksum file="styles/layout.xsl">93b8aadcd15c4e0aa254f631527dfb0b29ab7038</checksum>
	<checksum file="styles/orange/colors.css">b64d085a928f03f8684478614d6983dcef5eaf13</checksum>
	<checksum file="styles/blue/colors.css">0bb494bb42bad949cc67984cfd4a6f77a9694060</checksum>
	<checksum file="styles/green/colors.css">2418fa3cc676a5bf8549155ece12665523cdd737</checksum>
	<checksum file="javascript/Menu.js">28909adedb296f63c1344af3015cff730a7de314</checksum>
	<checksum file="javascript/DesktopLink.js">6e7bd207b27ee8141f5d2bde27a149460a6fc82a</checksum>
	<checksum file="javascript/Aspect.js">995cdaddae034451f9a7ac154d3ae71e373af14c</checksum>
	<checksum file="javascript/DynamicJS.php">ee0ed3d2d3bb472eececda5f0bc9b215c428b73c</checksum>
	<checksum file="javascript/phynxContextMenu.js">eadbfb4ae854ee676d4fb358ca3c6207b3577f4a</checksum>
	<checksum file="javascript/Overlay.js">792faa711c42691d076ec0d19613e529d57bbb42</checksum>
	<checksum file="javascript/userControl.js">5b7116fd687725b8bf50af8b76ee8fb3ea0aef4c</checksum>
	<checksum file="javascript/Interface.js">f18aace9d78970ad5a4ddc5bd4d0596b9951e0e2</checksum>
	<checksum file="javascript/Util.js">95b4cf9c8322d71ec429c67b1159fcaf490a5ca2</checksum>
	<checksum file="javascript/contentManager.js">80a958943f41085282790cd3d7ed9786a26dc604</checksum>
	<checksum file="javascript/Popup.js">bdac7671b5c484813f0c8c88a4094391a621df8f</checksum>
	<checksum file="javascript/autoComplete.js">9e8db645340f6976ec3ea7ec89d00f0925db9e69</checksum>
	<checksum file="javascript/Observer.js">1dce2225ce6d289ad3bc0c2eeda0cce1e426fcc5</checksum>
	<checksum file="javascript/P2J.js">64ad4d3be88e300a9b08bdcc7b41b6d93e369e3f</checksum>
	<checksum file="javascript/notificationArea.js">825357ac39af27ad118ea5df0952febaf73617ec</checksum>
	<checksum file="javascript/handler.js">d87822867b8755056f9a860d3e5e1a8c049e6a79</checksum>
	<checksum file="gpl.txt">8624bcdae55baeef00cd11d5dfcfa60f68710a02</checksum>
</phynx>