<?xml version="1.0" encoding="UTF-8" ?>
<!-- 
 *  This file is part of phynx.

 *  phynx is free software; you can redistribute it and/or modify
 *  it under the terms of the GNU General Public License as published by
 *  the Free Software Foundation; either version 3 of the License, or
 *  (at your option) any later version.

 *  phynx is distributed in the hope that it will be useful,
 *  but WITHOUT ANY WARRANTY; without even the implied warranty of
 *  MERCHANTABILITY or FITNESS FOR A PARTICULAR PURPOSE.  See the
 *  GNU General Public License for more details.

 *  You should have received a copy of the GNU General Public License
 *  along with this program.  If not, see <http://www.gnu.org/licenses/>.
 * 
 *  2007 - 2012, Rainer Furtmeier - Rainer@Furtmeier.de
-->
<phynx>
	<plugin>
		<name>Wetter</name>
		<menuName>Wetter</menuName>
		<collection>mWetter</collection>
		
		<icon>./ubiquitous/Wetter/Wetter.png</icon>
		<folder>../ubiquitous/Wetter</folder>

		<adminOnly>false</adminOnly>
		
		<version>0.6</version>
		<registry>Overview;mWetterGUI::getOverviewPlugin</registry>

		<deploy>
			<table name="Wetter" />
		</deploy>
	</plugin>
</phynx>